group	TF	jackknife	rho
REF_RPMI	CEBPB	0	0.4426940879444561
REF_RPMI	FOS	0	-0.1325873132758258
REF_RPMI	FOSL2	0	0.06482747738270565
REF_RPMI	GATA2	0	0.09724121607405849
REF_RPMI	GATA3	0	-0.08382863454660215
REF_RPMI	JUN	0	0.6020276667367979
REF_RPMI	JUND	0	0.2561540079949505
REF_RPMI	MAX	0	-0.2928939617083947
REF_RPMI	MEF2A	0	0.06530086261308647
REF_RPMI	MYC	0	0.44102409004839044
REF_RPMI	NFIC	0	0.11215285083105407
REF_RPMI	PBX3	0	-0.36991110877340627
REF_RPMI	TCF12	0	0.3210866820955186
REF_RPMI	SPI1	0	-0.030730591205554388
REF_RPMI	SPIB	0	0.22575215653271616
REF_RPMI	ETV6	0	-0.09111350725857352
REF_RPMI	CEBPB	1	0.44565274563433616
REF_RPMI	FOS	1	-0.11173206395960444
REF_RPMI	FOSL2	1	0.04631285503892278
REF_RPMI	GATA2	1	0.13078581948243215
REF_RPMI	GATA3	1	-0.07501840942562592
REF_RPMI	JUN	1	0.6015937302756154
REF_RPMI	JUND	1	0.25281401220281924
REF_RPMI	MAX	1	-0.26470124132127076
REF_RPMI	MEF2A	1	0.09537397433200083
REF_RPMI	MYC	1	0.4561592678308436
REF_RPMI	NFIC	1	0.12720913107511045
REF_RPMI	PBX3	1	-0.3687802440563853
REF_RPMI	TCF12	1	0.2921049863244266
REF_RPMI	SPI1	1	-0.015569114243635596
REF_RPMI	SPIB	1	0.2199794866400168
REF_RPMI	ETV6	1	-0.09884546602146012
REF_RPMI	CEBPB	2	0.448953292657269
REF_RPMI	FOS	2	-0.11979276246581105
REF_RPMI	FOSL2	2	0.04510309278350515
REF_RPMI	GATA2	2	0.0899826425415527
REF_RPMI	GATA3	2	-0.09877971807279612
REF_RPMI	JUN	2	0.6044997896065641
REF_RPMI	JUND	2	0.25255102040816324
REF_RPMI	MAX	2	-0.2914343572480538
REF_RPMI	MEF2A	2	0.11078529349884282
REF_RPMI	MYC	2	0.4442062907637281
REF_RPMI	NFIC	2	0.13054912686724174
REF_RPMI	PBX3	2	-0.36883284241531655
REF_RPMI	TCF12	2	0.29995529139490845
REF_RPMI	SPI1	2	-0.015529665474437196
REF_RPMI	SPIB	2	0.23744214180517567
REF_RPMI	ETV6	2	-0.08748422049232063
REF_RPMI	CEBPB	3	0.43953818640858405
REF_RPMI	FOS	3	-0.14038501998737637
REF_RPMI	FOSL2	3	0.036805701662108135
REF_RPMI	GATA2	3	0.08885177782453187
REF_RPMI	GATA3	3	-0.05626709446665263
REF_RPMI	JUN	3	0.6013175888912266
REF_RPMI	JUND	3	0.236363875447086
REF_RPMI	MAX	3	-0.2639254155270355
REF_RPMI	MEF2A	3	0.10927309067957079
REF_RPMI	MYC	3	0.4452582579423522
REF_RPMI	NFIC	3	0.09338838628234798
REF_RPMI	PBX3	3	-0.36880654323585105
REF_RPMI	TCF12	3	0.2786529560277719
REF_RPMI	SPI1	3	-0.05847622554176309
REF_RPMI	SPIB	3	0.23128813381022512
REF_RPMI	ETV6	3	-0.11650536503261097
REF_RPMI	CEBPB	4	0.44229960025247206
REF_RPMI	FOS	4	-0.11834630759520302
REF_RPMI	FOSL2	4	0.043853881758889116
REF_RPMI	GATA2	4	0.11358615611192928
REF_RPMI	GATA3	4	-0.07755628024405638
REF_RPMI	JUN	4	0.6020276667367979
REF_RPMI	JUND	4	0.26104565537555224
REF_RPMI	MAX	4	-0.30510993057016617
REF_RPMI	MEF2A	4	0.08090942562592046
REF_RPMI	MYC	4	0.4424310961498001
REF_RPMI	NFIC	4	0.11687355354512938
REF_RPMI	PBX3	4	-0.3736981906164527
REF_RPMI	TCF12	4	0.2829791710498632
REF_RPMI	SPI1	4	-0.029915316642120764
REF_RPMI	SPIB	4	0.23301073006522194
REF_RPMI	ETV6	4	-0.10033136966126655
REF_RPMI	CEBPB	5	0.45193824952661465
REF_RPMI	FOS	5	-0.11532190195665892
REF_RPMI	FOSL2	5	0.05563591415947822
REF_RPMI	GATA2	5	0.09275720597517356
REF_RPMI	GATA3	5	-0.08385493372606773
REF_RPMI	JUN	5	0.6028034925310329
REF_RPMI	JUND	5	0.2354960025247212
REF_RPMI	MAX	5	-0.27716705238796546
REF_RPMI	MEF2A	5	0.10292183883862822
REF_RPMI	MYC	5	0.441181885125184
REF_RPMI	NFIC	5	0.12730117820324005
REF_RPMI	PBX3	5	-0.37096307595203026
REF_RPMI	TCF12	5	0.288528297917105
REF_RPMI	SPI1	5	-0.014451399116347569
REF_RPMI	SPIB	5	0.21748106459078476
REF_RPMI	ETV6	5	-0.08552493162213338
REF_RPMI	CEBPB	6	0.4558568272669892
REF_RPMI	FOS	6	-0.13075952030296653
REF_RPMI	FOSL2	6	0.06411739953713443
REF_RPMI	GATA2	6	0.11601883021249736
REF_RPMI	GATA3	6	-0.06919314117399537
REF_RPMI	JUN	6	0.6097464759099516
REF_RPMI	JUND	6	0.24963181148748156
REF_RPMI	MAX	6	-0.29480065221965074
REF_RPMI	MEF2A	6	0.07687250157795075
REF_RPMI	MYC	6	0.45997264885335576
REF_RPMI	NFIC	6	0.10010782663580894
REF_RPMI	PBX3	6	-0.3861771512728802
REF_RPMI	TCF12	6	0.2983247422680412
REF_RPMI	SPI1	6	-0.0509152114454029
REF_RPMI	SPIB	6	0.22864506627393225
REF_RPMI	ETV6	6	-0.1017252261729434
REF_RPMI	CEBPB	7	0.4441536924047969
REF_RPMI	FOS	7	-0.13837313275825794
REF_RPMI	FOSL2	7	0.06098779718072796
REF_RPMI	GATA2	7	0.11294182621502208
REF_RPMI	GATA3	7	-0.06447243845992004
REF_RPMI	JUN	7	0.6073926993477804
REF_RPMI	JUND	7	0.23587734062697244
REF_RPMI	MAX	7	-0.289777508941721
REF_RPMI	MEF2A	7	0.061500631180307165
REF_RPMI	MYC	7	0.45371344414054277
REF_RPMI	NFIC	7	0.07943667157584683
REF_RPMI	PBX3	7	-0.38939880075741634
REF_RPMI	TCF12	7	0.2800205133599831
REF_RPMI	SPI1	7	-0.06477487902377445
REF_RPMI	SPIB	7	0.22267515253524087
REF_RPMI	ETV6	7	-0.13190353460972018
REF_RPMI	CEBPB	8	0.4435882600462865
REF_RPMI	FOS	8	-0.15655901535872077
REF_RPMI	FOSL2	8	0.05171733641910372
REF_RPMI	GATA2	8	0.12614401430675362
REF_RPMI	GATA3	8	-0.062447401641068795
REF_RPMI	JUN	8	0.604118451504313
REF_RPMI	JUND	8	0.23838891226593728
REF_RPMI	MAX	8	-0.27696980854197345
REF_RPMI	MEF2A	8	0.07177046076162423
REF_RPMI	MYC	8	0.44298337891857764
REF_RPMI	NFIC	8	0.08414422470018935
REF_RPMI	PBX3	8	-0.40077319587628857
REF_RPMI	TCF12	8	0.2750368188512518
REF_RPMI	SPI1	8	-0.056490637492110245
REF_RPMI	SPIB	8	0.2305912055543867
REF_RPMI	ETV6	8	-0.1252761413843888
REF_RPMI	CEBPB	9	0.4439038501998737
REF_RPMI	FOS	9	-0.14602619398274772
REF_RPMI	FOSL2	9	0.06101409636019355
REF_RPMI	GATA2	9	0.13914895855249312
REF_RPMI	GATA3	9	-0.0626051967178624
REF_RPMI	JUN	9	0.6020276667367979
REF_RPMI	JUND	9	0.2400720597517357
REF_RPMI	MAX	9	-0.291749947401641
REF_RPMI	MEF2A	9	0.09045602777193351
REF_RPMI	MYC	9	0.44102409004839044
REF_RPMI	NFIC	9	0.10477593099095309
REF_RPMI	PBX3	9	-0.36991110877340627
REF_RPMI	TCF12	9	0.2867794024826425
REF_RPMI	SPI1	9	-0.02389280454449821
REF_RPMI	SPIB	9	0.22111035135703766
REF_RPMI	ETV6	9	-0.0859194193141174
REF_RPMI	CEBPB	10	0.4498737639385651
REF_RPMI	FOS	10	-0.13549337260677466
REF_RPMI	FOSL2	10	0.07713549337260678
REF_RPMI	GATA2	10	0.1060251420155691
REF_RPMI	GATA3	10	-0.06524826425415527
REF_RPMI	JUN	10	0.6212918156953503
REF_RPMI	JUND	10	0.24523984851672623
REF_RPMI	MAX	10	-0.2881469598148537
REF_RPMI	MEF2A	10	0.07466337050284029
REF_RPMI	MYC	10	0.4735693246370713
REF_RPMI	NFIC	10	0.08706343362087103
REF_RPMI	PBX3	10	-0.4049547654113191
REF_RPMI	TCF12	10	0.27464233115926784
REF_RPMI	SPI1	10	-0.04962655165158847
REF_RPMI	SPIB	10	0.25180149379339367
REF_RPMI	ETV6	10	-0.11500631180307173
REF_RPMI	CEBPB	11	0.442036608457816
REF_RPMI	FOS	11	-0.1377419524510835
REF_RPMI	FOSL2	11	0.04445876288659793
REF_RPMI	GATA2	11	0.08982484746475909
REF_RPMI	GATA3	11	-0.08447296444350935
REF_RPMI	JUN	11	0.6015937302756154
REF_RPMI	JUND	11	0.2282768777614138
REF_RPMI	MAX	11	-0.27670681674731745
REF_RPMI	MEF2A	11	0.10534136334946348
REF_RPMI	MYC	11	0.43949873763938563
REF_RPMI	NFIC	11	0.10451293919629706
REF_RPMI	PBX3	11	-0.3747107090258784
REF_RPMI	TCF12	11	0.2713154849568693
REF_RPMI	SPI1	11	-0.030585945718493577
REF_RPMI	SPIB	11	0.2038843888070692
REF_RPMI	ETV6	11	-0.08104092152324846
REF_RPMI	CEBPB	12	0.4454160530191458
REF_RPMI	FOS	12	-0.15434988428361035
REF_RPMI	FOSL2	12	0.06921944035346096
REF_RPMI	GATA2	12	0.10148853355775299
REF_RPMI	GATA3	12	-0.09543972228066482
REF_RPMI	JUN	12	0.6092730906795708
REF_RPMI	JUND	12	0.23838891226593728
REF_RPMI	MAX	12	-0.27443193772354296
REF_RPMI	MEF2A	12	0.09842467915001052
REF_RPMI	MYC	12	0.4416289711760993
REF_RPMI	NFIC	12	0.08757626762045023
REF_RPMI	PBX3	12	-0.37718283189564483
REF_RPMI	TCF12	12	0.2735640648011782
REF_RPMI	SPI1	12	-0.04043498842836103
REF_RPMI	SPIB	12	0.24808015989901114
REF_RPMI	ETV6	12	-0.10623553545129391
REF_RPMI	CEBPB	13	0.44673101199242576
REF_RPMI	FOS	13	-0.1345729013254786
REF_RPMI	FOSL2	13	0.05930464969492951
REF_RPMI	GATA2	13	0.11904323585104143
REF_RPMI	GATA3	13	-0.05656953503050705
REF_RPMI	JUN	13	0.6082868714496107
REF_RPMI	JUND	13	0.23745529139490845
REF_RPMI	MAX	13	-0.2853197980223017
REF_RPMI	MEF2A	13	0.07442667788764991
REF_RPMI	MYC	13	0.4579870608037029
REF_RPMI	NFIC	13	0.08459131075110454
REF_RPMI	PBX3	13	-0.38979328844940037
REF_RPMI	TCF12	13	0.2921312855038922
REF_RPMI	SPI1	13	-0.06142173364191037
REF_RPMI	SPIB	13	0.21482484746475905
REF_RPMI	ETV6	13	-0.11736008836524299
REF_RPMI	CEBPB	14	0.4460340837365874
REF_RPMI	FOS	14	-0.13619030086261308
REF_RPMI	FOSL2	14	0.07158636650536503
REF_RPMI	GATA2	14	0.10213286345466022
REF_RPMI	GATA3	14	-0.06101409636019355
REF_RPMI	JUN	14	0.6071954555017883
REF_RPMI	JUND	14	0.23790237744582365
REF_RPMI	MAX	14	-0.29101357037660425
REF_RPMI	MEF2A	14	0.06481432779297286
REF_RPMI	MYC	14	0.4562776141384388
REF_RPMI	NFIC	14	0.08179044813801808
REF_RPMI	PBX3	14	-0.3931201346517988
REF_RPMI	TCF12	14	0.31107984430885754
REF_RPMI	SPI1	14	-0.06401220281927203
REF_RPMI	SPIB	14	0.22068956448558805
REF_RPMI	ETV6	14	-0.13083841784136335
REF_RPMI	CEBPB	15	0.4420629076372817
REF_RPMI	FOS	15	-0.12714338312644644
REF_RPMI	FOSL2	15	0.046089312013465174
REF_RPMI	GATA2	15	0.0905086261308647
REF_RPMI	GATA3	15	-0.08898327372185987
REF_RPMI	JUN	15	0.602606248685041
REF_RPMI	JUND	15	0.2561408584052178
REF_RPMI	MAX	15	-0.26612139701241316
REF_RPMI	MEF2A	15	0.09375657479486639
REF_RPMI	MYC	15	0.44024826425415525
REF_RPMI	NFIC	15	0.10367136545339785
REF_RPMI	PBX3	15	-0.369135282979171
REF_RPMI	TCF12	15	0.2672654113191668
REF_RPMI	SPI1	15	-0.041828844940037864
REF_RPMI	SPIB	15	0.2502235430254576
REF_RPMI	ETV6	15	-0.11073269513991163
REF_RPMI	CEBPB	16	0.4572638333683989
REF_RPMI	FOS	16	-0.13904376183463074
REF_RPMI	FOSL2	16	0.06666841994529771
REF_RPMI	GATA2	16	0.11870134651798864
REF_RPMI	GATA3	16	-0.07371660004207868
REF_RPMI	JUN	16	0.6160977277508941
REF_RPMI	JUND	16	0.2516173995371344
REF_RPMI	MAX	16	-0.2863717652009257
REF_RPMI	MEF2A	16	0.07808226383336839
REF_RPMI	MYC	16	0.4570139911634757
REF_RPMI	NFIC	16	0.09943719755943613
REF_RPMI	PBX3	16	-0.3869661266568482
REF_RPMI	TCF12	16	0.28817325899431934
REF_RPMI	SPI1	16	-0.0392778245318746
REF_RPMI	SPIB	16	0.22923679781190825
REF_RPMI	ETV6	16	-0.10432884494003786
REF_RPMI	CEBPB	17	0.4543051756785188
REF_RPMI	FOS	17	-0.13505943614559224
REF_RPMI	FOSL2	17	0.06107984430885756
REF_RPMI	GATA2	17	0.1135072585735325
REF_RPMI	GATA3	17	-0.06807542604670733
REF_RPMI	JUN	17	0.6194114243635598
REF_RPMI	JUND	17	0.25256416999789605
REF_RPMI	MAX	17	-0.28057279612876074
REF_RPMI	MEF2A	17	0.08799705449189983
REF_RPMI	MYC	17	0.4642725646959815
REF_RPMI	NFIC	17	0.09609720176730485
REF_RPMI	PBX3	17	-0.3984720176730486
REF_RPMI	TCF12	17	0.28504365663791287
REF_RPMI	SPI1	17	-0.04197349042709867
REF_RPMI	SPIB	17	0.2223332632021881
REF_RPMI	ETV6	17	-0.11153482011361245
REF_RPMI	CEBPB	18	0.44492951819903215
REF_RPMI	FOS	18	-0.15486271828318957
REF_RPMI	FOSL2	18	0.07165211445402903
REF_RPMI	GATA2	18	0.12714338312644644
REF_RPMI	GATA3	18	-0.07016621081422258
REF_RPMI	JUN	18	0.6028034925310329
REF_RPMI	JUND	18	0.23967757205975168
REF_RPMI	MAX	18	-0.27995476541131914
REF_RPMI	MEF2A	18	0.06841731537976015
REF_RPMI	MYC	18	0.44918998527245946
REF_RPMI	NFIC	18	0.08431516936671574
REF_RPMI	PBX3	18	-0.3814169997896065
REF_RPMI	TCF12	18	0.28804176309699137
REF_RPMI	SPI1	18	-0.03700294550810015
REF_RPMI	SPIB	18	0.24011150852093413
REF_RPMI	ETV6	18	-0.10845781611613717
REF_RPMI	CEBPB	19	0.4426151904060593
REF_RPMI	FOS	19	-0.1521407532084999
REF_RPMI	FOSL2	19	0.051270250368188504
REF_RPMI	GATA2	19	0.13868872291184514
REF_RPMI	GATA3	19	-0.05258520934146854
REF_RPMI	JUN	19	0.604512939196297
REF_RPMI	JUND	19	0.2638859667578371
REF_RPMI	MAX	19	-0.267712497370082
REF_RPMI	MEF2A	19	0.059291500105196716
REF_RPMI	MYC	19	0.44107668840732167
REF_RPMI	NFIC	19	0.08240847885545971
REF_RPMI	PBX3	19	-0.3804965285083105
REF_RPMI	TCF12	19	0.27269619187881333
REF_RPMI	SPI1	19	-0.06242110246160319
REF_RPMI	SPIB	19	0.24572638333683988
REF_RPMI	ETV6	19	-0.12985219861140332
REF_RPMI	CEBPB	20	0.4612350094677046
REF_RPMI	FOS	20	-0.1334551861981906
REF_RPMI	FOSL2	20	0.06039606564275195
REF_RPMI	GATA2	20	0.1137045024195245
REF_RPMI	GATA3	20	-0.0861692615190406
REF_RPMI	JUN	20	0.6105617504733851
REF_RPMI	JUND	20	0.2473569324637071
REF_RPMI	MAX	20	-0.28303176940879443
REF_RPMI	MEF2A	20	0.0825925731117189
REF_RPMI	MYC	20	0.4593151693667157
REF_RPMI	NFIC	20	0.11261308647170207
REF_RPMI	PBX3	20	-0.38127235430254575
REF_RPMI	TCF12	20	0.2825189354092152
REF_RPMI	SPI1	20	-0.03246633705028403
REF_RPMI	SPIB	20	0.21468020197769827
REF_RPMI	ETV6	20	-0.09742531033031768
REF_RPMI	CEBPB	21	0.45942036608457815
REF_RPMI	FOS	21	-0.133954870608037
REF_RPMI	FOSL2	21	0.06615558594571849
REF_RPMI	GATA2	21	0.11601883021249736
REF_RPMI	GATA3	21	-0.07714864296233956
REF_RPMI	JUN	21	0.6097464759099516
REF_RPMI	JUND	21	0.24892173364191036
REF_RPMI	MAX	21	-0.2822296444350936
REF_RPMI	MEF2A	21	0.0710209341468546
REF_RPMI	MYC	21	0.46395697454239426
REF_RPMI	NFIC	21	0.10783978539869556
REF_RPMI	PBX3	21	-0.38733431516936667
REF_RPMI	TCF12	21	0.2847543656637913
REF_RPMI	SPI1	21	-0.03601672627814012
REF_RPMI	SPIB	21	0.2315511256048811
REF_RPMI	ETV6	21	-0.10017357458447296
REF_RPMI	CEBPB	22	0.44520565958342095
REF_RPMI	FOS	22	-0.12766936671575846
REF_RPMI	FOSL2	22	0.07442667788764991
REF_RPMI	GATA2	22	0.11851725226172942
REF_RPMI	GATA3	22	-0.06695771091941931
REF_RPMI	JUN	22	0.6065511256048811
REF_RPMI	JUND	22	0.23767883442036608
REF_RPMI	MAX	22	-0.2803755522827688
REF_RPMI	MEF2A	22	0.060830002103934355
REF_RPMI	MYC	22	0.4657321691563223
REF_RPMI	NFIC	22	0.08073848095939407
REF_RPMI	PBX3	22	-0.3913712392173364
REF_RPMI	TCF12	22	0.2904481380180938
REF_RPMI	SPI1	22	-0.06186881969282558
REF_RPMI	SPIB	22	0.22852671996633706
REF_RPMI	ETV6	22	-0.11825426046707341
REF_RPMI	CEBPB	23	0.4517541552703555
REF_RPMI	FOS	23	-0.1290237744582369
REF_RPMI	FOSL2	23	0.05706921944035345
REF_RPMI	GATA2	23	0.10468388386282347
REF_RPMI	GATA3	23	-0.07653061224489796
REF_RPMI	JUN	23	0.6181227645697454
REF_RPMI	JUND	23	0.24827740374500312
REF_RPMI	MAX	23	-0.30500473385230376
REF_RPMI	MEF2A	23	0.059870082053439924
REF_RPMI	MYC	23	0.4595124132127077
REF_RPMI	NFIC	23	0.07871344414054281
REF_RPMI	PBX3	23	-0.3926598990111508
REF_RPMI	TCF12	23	0.2859378287397433
REF_RPMI	SPI1	23	-0.06202661476961919
REF_RPMI	SPIB	23	0.250591731537976
REF_RPMI	ETV6	23	-0.12861613717652007
REF_RPMI	CEBPB	24	0.45107037660424987
REF_RPMI	FOS	24	-0.14300178834420363
REF_RPMI	FOSL2	24	0.05905480749000631
REF_RPMI	GATA2	24	0.10409215232484746
REF_RPMI	GATA3	24	-0.06468283189564485
REF_RPMI	JUN	24	0.6095623816536924
REF_RPMI	JUND	24	0.24554228908058068
REF_RPMI	MAX	24	-0.28052019776982956
REF_RPMI	MEF2A	24	0.06923258994319377
REF_RPMI	MYC	24	0.4496765200925731
REF_RPMI	NFIC	24	0.10769513991163475
REF_RPMI	PBX3	24	-0.3811540079949506
REF_RPMI	TCF12	24	0.28684515043130654
REF_RPMI	SPI1	24	-0.05116505365032611
REF_RPMI	SPIB	24	0.23652167052387962
REF_RPMI	ETV6	24	-0.11238954344624447
REF_RPMI	CEBPB	25	0.46110351357037654
REF_RPMI	FOS	25	-0.13107511045655373
REF_RPMI	FOSL2	25	0.06424889543446244
REF_RPMI	GATA2	25	0.11927992846623184
REF_RPMI	GATA3	25	-0.08097517357458447
REF_RPMI	JUN	25	0.6097070271407532
REF_RPMI	JUND	25	0.2558515674310961
REF_RPMI	MAX	25	-0.29603671365453393
REF_RPMI	MEF2A	25	0.08954870608037029
REF_RPMI	MYC	25	0.4547917104986324
REF_RPMI	NFIC	25	0.1136782032400589
REF_RPMI	PBX3	25	-0.3842310119924258
REF_RPMI	TCF12	25	0.29879812749842205
REF_RPMI	SPI1	25	-0.03255838417841363
REF_RPMI	SPIB	25	0.21733641910372395
REF_RPMI	ETV6	25	-0.09529507679360402
REF_RPMI	CEBPB	26	0.46045918367346933
REF_RPMI	FOS	26	-0.13515148327372187
REF_RPMI	FOSL2	26	0.06311803071744161
REF_RPMI	GATA2	26	0.11654481380180937
REF_RPMI	GATA3	26	-0.06597149168945927
REF_RPMI	JUN	26	0.6134546602146013
REF_RPMI	JUND	26	0.24813275825794234
REF_RPMI	MAX	26	-0.29242057647801384
REF_RPMI	MEF2A	26	0.07685935198821796
REF_RPMI	MYC	26	0.46081422259625493
REF_RPMI	NFIC	26	0.10457868714496107
REF_RPMI	PBX3	26	-0.3888596675783715
REF_RPMI	TCF12	26	0.29281506416999786
REF_RPMI	SPI1	26	-0.039369871660004205
REF_RPMI	SPIB	26	0.2223069640227225
REF_RPMI	ETV6	26	-0.1020934146854618
REF_RPMI	CEBPB	27	0.46511413843888066
REF_RPMI	FOS	27	-0.13052282768777612
REF_RPMI	FOSL2	27	0.060119924258363135
REF_RPMI	GATA2	27	0.11842520513359982
REF_RPMI	GATA3	27	-0.07721439091100356
REF_RPMI	JUN	27	0.6144803282137596
REF_RPMI	JUND	27	0.25927046076162424
REF_RPMI	MAX	27	-0.2815853145381864
REF_RPMI	MEF2A	27	0.0827503681885125
REF_RPMI	MYC	27	0.4645224069009046
REF_RPMI	NFIC	27	0.10877340626972436
REF_RPMI	PBX3	27	-0.38203503050704807
REF_RPMI	TCF12	27	0.3009941089837997
REF_RPMI	SPI1	27	-0.036529560277719336
REF_RPMI	SPIB	27	0.2243714496107721
REF_RPMI	ETV6	27	-0.10058121186618976
REF_RPMI	CEBPB	28	0.4619582369030085
REF_RPMI	FOS	28	-0.13212707763517778
REF_RPMI	FOSL2	28	0.06123763938565116
REF_RPMI	GATA2	28	0.1100883652430044
REF_RPMI	GATA3	28	-0.07301967178624026
REF_RPMI	JUN	28	0.6148090679570797
REF_RPMI	JUND	28	0.2543262150220913
REF_RPMI	MAX	28	-0.29231537976015143
REF_RPMI	MEF2A	28	0.08023879654954764
REF_RPMI	MYC	28	0.4662055543867031
REF_RPMI	NFIC	28	0.10486797811908266
REF_RPMI	PBX3	28	-0.3832579423521985
REF_RPMI	TCF12	28	0.29118451504313064
REF_RPMI	SPI1	28	-0.03802861350725857
REF_RPMI	SPIB	28	0.22493688196928255
REF_RPMI	ETV6	28	-0.10442089206816746
REF_RPMI	CEBPB	29	0.4566984010098885
REF_RPMI	FOS	29	-0.14644698085419736
REF_RPMI	FOSL2	29	0.06857511045655375
REF_RPMI	GATA2	29	0.10969387755102039
REF_RPMI	GATA3	29	-0.0662739322533137
REF_RPMI	JUN	29	0.6155322953923836
REF_RPMI	JUND	29	0.24802756154007993
REF_RPMI	MAX	29	-0.29685198821796754
REF_RPMI	MEF2A	29	0.07621502209131074
REF_RPMI	MYC	29	0.45823690300862613
REF_RPMI	NFIC	29	0.09605775299810645
REF_RPMI	PBX3	29	-0.39596044603408365
REF_RPMI	TCF12	29	0.285950978329476
REF_RPMI	SPI1	29	-0.04791710498632442
REF_RPMI	SPIB	29	0.23441773616663156
REF_RPMI	ETV6	29	-0.11346780980433409
REF_RPMI	CEBPB	30	0.4591836734693877
REF_RPMI	FOS	30	-0.1369135282979171
REF_RPMI	FOSL2	30	0.06616873553545129
REF_RPMI	GATA2	30	0.11517725646959813
REF_RPMI	GATA3	30	-0.07455817378497791
REF_RPMI	JUN	30	0.614980012623606
REF_RPMI	JUND	30	0.25019724384599196
REF_RPMI	MAX	30	-0.2894093204292026
REF_RPMI	MEF2A	30	0.08115926783084366
REF_RPMI	MYC	30	0.4572638333683989
REF_RPMI	NFIC	30	0.10139648642962337
REF_RPMI	PBX3	30	-0.39183147485798436
REF_RPMI	TCF12	30	0.2878839680201977
REF_RPMI	SPI1	30	-0.039606564275194614
REF_RPMI	SPIB	30	0.22488428361035134
REF_RPMI	ETV6	30	-0.10603829160530191
REF_RPMI	CEBPB	31	0.4625368188512518
REF_RPMI	FOS	31	-0.12361929307805596
REF_RPMI	FOSL2	31	0.07887123921733642
REF_RPMI	GATA2	31	0.09925310330317694
REF_RPMI	GATA3	31	-0.0862218598779718
REF_RPMI	JUN	31	0.6128366294971597
REF_RPMI	JUND	31	0.26927729854828525
REF_RPMI	MAX	31	-0.2952082895013675
REF_RPMI	MEF2A	31	0.07604407742478433
REF_RPMI	MYC	31	0.4488086471702083
REF_RPMI	NFIC	31	0.0983589312013465
REF_RPMI	PBX3	31	-0.3801151904060593
REF_RPMI	TCF12	31	0.282203345255628
REF_RPMI	SPI1	31	-0.037897117609930565
REF_RPMI	SPIB	31	0.22259625499684407
REF_RPMI	ETV6	31	-0.10167262781401219
REF_RPMI	CEBPB	32	0.44349621291815694
REF_RPMI	FOS	32	-0.1614375131495897
REF_RPMI	FOSL2	32	0.04665474437197559
REF_RPMI	GATA2	32	0.10484167893961707
REF_RPMI	GATA3	32	-0.051322848727119716
REF_RPMI	JUN	32	0.6047364822217546
REF_RPMI	JUND	32	0.24180780559646534
REF_RPMI	MAX	32	-0.2792972859246791
REF_RPMI	MEF2A	32	0.05392646749421418
REF_RPMI	MYC	32	0.4672575215653271
REF_RPMI	NFIC	32	0.09292815064169997
REF_RPMI	PBX3	32	-0.3943561960866821
REF_RPMI	TCF12	32	0.27718020197769827
REF_RPMI	SPI1	32	-0.05829213128550389
REF_RPMI	SPIB	32	0.23315537555228275
REF_RPMI	ETV6	32	-0.12357984430885756
REF_RPMI	CEBPB	33	0.45281927203871236
REF_RPMI	FOS	33	-0.15966231853566168
REF_RPMI	FOSL2	33	0.049192615190406054
REF_RPMI	GATA2	33	0.1054334104775931
REF_RPMI	GATA3	33	-0.07651746265516515
REF_RPMI	JUN	33	0.6056438039133178
REF_RPMI	JUND	33	0.25185409215232485
REF_RPMI	MAX	33	-0.28059909530822635
REF_RPMI	MEF2A	33	0.0663791289711761
REF_RPMI	MYC	33	0.46055123080159893
REF_RPMI	NFIC	33	0.08461760993057016
REF_RPMI	PBX3	33	-0.38449400378708176
REF_RPMI	TCF12	33	0.2815327161792552
REF_RPMI	SPI1	33	-0.0472070271407532
REF_RPMI	SPIB	33	0.2472122869766463
REF_RPMI	ETV6	33	-0.12062118661897747
REF_RPMI	CEBPB	34	0.4632205975173574
REF_RPMI	FOS	34	-0.13056227645697455
REF_RPMI	FOSL2	34	0.05976488533557753
REF_RPMI	GATA2	34	0.1211866189774879
REF_RPMI	GATA3	34	-0.07518935409215231
REF_RPMI	JUN	34	0.6172943404165789
REF_RPMI	JUND	34	0.25662739322533135
REF_RPMI	MAX	34	-0.28800231432779294
REF_RPMI	MEF2A	34	0.07774037450031557
REF_RPMI	MYC	34	0.46861192930780554
REF_RPMI	NFIC	34	0.10421049863244265
REF_RPMI	PBX3	34	-0.38240321901956653
REF_RPMI	TCF12	34	0.2883442036608458
REF_RPMI	SPI1	34	-0.03902798232695139
REF_RPMI	SPIB	34	0.22776404376183462
REF_RPMI	ETV6	34	-0.1018567220702714
REF_RPMI	CEBPB	35	0.46586366505365023
REF_RPMI	FOS	35	-0.12972070271407532
REF_RPMI	FOSL2	35	0.06619503471491689
REF_RPMI	GATA2	35	0.12609141594782242
REF_RPMI	GATA3	35	-0.06632653061224489
REF_RPMI	JUN	35	0.618083315800547
REF_RPMI	JUND	35	0.2605722701451714
REF_RPMI	MAX	35	-0.2786266568483063
REF_RPMI	MEF2A	35	0.0816589522406901
REF_RPMI	MYC	35	0.46900641699978957
REF_RPMI	NFIC	35	0.10301388596675783
REF_RPMI	PBX3	35	-0.38099621291815694
REF_RPMI	TCF12	35	0.28688459920050496
REF_RPMI	SPI1	35	-0.03842310119924259
REF_RPMI	SPIB	35	0.2277771933515674
REF_RPMI	ETV6	35	-0.10321112981274982
REF_RPMI	CEBPB	36	0.462392173364191
REF_RPMI	FOS	36	-0.14269934778034923
REF_RPMI	FOSL2	36	0.08114611824111087
REF_RPMI	GATA2	36	0.11941142436355985
REF_RPMI	GATA3	36	-0.06101409636019355
REF_RPMI	JUN	36	0.6073401009888492
REF_RPMI	JUND	36	0.2544971596886177
REF_RPMI	MAX	36	-0.30520197769829577
REF_RPMI	MEF2A	36	0.07760887860298758
REF_RPMI	MYC	36	0.45768462023984846
REF_RPMI	NFIC	36	0.09647853986955607
REF_RPMI	PBX3	36	-0.3915158847043972
REF_RPMI	TCF12	36	0.28069114243635596
REF_RPMI	SPI1	36	-0.03670050494424573
REF_RPMI	SPIB	36	0.2143646118241111
REF_RPMI	ETV6	36	-0.09530822638333683
REF_RPMI	CEBPB	37	0.4617478434672838
REF_RPMI	FOS	37	-0.13043078055964652
REF_RPMI	FOSL2	37	0.05993583000210393
REF_RPMI	GATA2	37	0.1214627603618767
REF_RPMI	GATA3	37	-0.06858826004628656
REF_RPMI	JUN	37	0.6143356827266989
REF_RPMI	JUND	37	0.25344519250999364
REF_RPMI	MAX	37	-0.29465600673258996
REF_RPMI	MEF2A	37	0.07789816957710918
REF_RPMI	MYC	37	0.45894698085419733
REF_RPMI	NFIC	37	0.10877340626972436
REF_RPMI	PBX3	37	-0.38061487481590567
REF_RPMI	TCF12	37	0.29209183673469385
REF_RPMI	SPI1	37	-0.038068062276456975
REF_RPMI	SPIB	37	0.22107090258783924
REF_RPMI	ETV6	37	-0.09892436355985693
REF_RPMI	CEBPB	38	0.4566589522406901
REF_RPMI	FOS	38	-0.1331395960446034
REF_RPMI	FOSL2	38	0.06406480117820323
REF_RPMI	GATA2	38	0.11062749842204922
REF_RPMI	GATA3	38	-0.07539974752787713
REF_RPMI	JUN	38	0.6140595413423101
REF_RPMI	JUND	38	0.2509073216915632
REF_RPMI	MAX	38	-0.29205238796549543
REF_RPMI	MEF2A	38	0.07658321060382915
REF_RPMI	MYC	38	0.4640095729013254
REF_RPMI	NFIC	38	0.1013044393014938
REF_RPMI	PBX3	38	-0.39147643593519876
REF_RPMI	TCF12	38	0.2895013675573322
REF_RPMI	SPI1	38	-0.04005365032610982
REF_RPMI	SPIB	38	0.22606774668630336
REF_RPMI	ETV6	38	-0.10422364822217546
REF_RPMI	CEBPB	39	0.4506101409636019
REF_RPMI	FOS	39	-0.12743267410056805
REF_RPMI	FOSL2	39	0.0786082474226804
REF_RPMI	GATA2	39	0.09938459920050492
REF_RPMI	GATA3	39	-0.06374921102461603
REF_RPMI	JUN	39	0.6111929307805596
REF_RPMI	JUND	39	0.23892804544498208
REF_RPMI	MAX	39	-0.2976015148327372
REF_RPMI	MEF2A	39	0.06602409004839048
REF_RPMI	MYC	39	0.453108563012834
REF_RPMI	NFIC	39	0.10730065221965074
REF_RPMI	PBX3	39	-0.3804702293288449
REF_RPMI	TCF12	39	0.3119345676414895
REF_RPMI	SPI1	39	-0.041447506837786655
REF_RPMI	SPIB	39	0.21691563223227434
REF_RPMI	ETV6	39	-0.10769513991163475
REF_RPMI	CEBPB	40	0.4636150852093414
REF_RPMI	FOS	40	-0.12790605933094887
REF_RPMI	FOSL2	40	0.052085524931622135
REF_RPMI	GATA2	40	0.12657795076793601
REF_RPMI	GATA3	40	-0.06240795287187039
REF_RPMI	JUN	40	0.6132705659583421
REF_RPMI	JUND	40	0.24550284031138228
REF_RPMI	MAX	40	-0.2742741426467494
REF_RPMI	MEF2A	40	0.07492636229749632
REF_RPMI	MYC	40	0.47387176520092567
REF_RPMI	NFIC	40	0.10874710709025878
REF_RPMI	PBX3	40	-0.3795892068167473
REF_RPMI	TCF12	40	0.2797180727961287
REF_RPMI	SPI1	40	-0.034504523458868085
REF_RPMI	SPIB	40	0.2196901956658952
REF_RPMI	ETV6	40	-0.10189617083946981
REF_RPMI	CEBPB	41	0.4643383126446454
REF_RPMI	FOS	41	-0.13154849568693455
REF_RPMI	FOSL2	41	0.08536713654533978
REF_RPMI	GATA2	41	0.1176625289290974
REF_RPMI	GATA3	41	-0.07751683147485797
REF_RPMI	JUN	41	0.6184515043130653
REF_RPMI	JUND	41	0.24502945508100146
REF_RPMI	MAX	41	-0.27128918577740374
REF_RPMI	MEF2A	41	0.06831211866189774
REF_RPMI	MYC	41	0.45281927203871236
REF_RPMI	NFIC	41	0.09488743951188722
REF_RPMI	PBX3	41	-0.41158215863665043
REF_RPMI	TCF12	41	0.30585945718493585
REF_RPMI	SPI1	41	-0.03984325689038502
REF_RPMI	SPIB	41	0.21453555649063746
REF_RPMI	ETV6	41	-0.11462497370082053
REF_RPMI	CEBPB	42	0.46507468966968224
REF_RPMI	FOS	42	-0.13950399747527875
REF_RPMI	FOSL2	42	0.05442615190406058
REF_RPMI	GATA2	42	0.125131495897328
REF_RPMI	GATA3	42	-0.08411792552072374
REF_RPMI	JUN	42	0.6101409636019356
REF_RPMI	JUND	42	0.25360298758678723
REF_RPMI	MAX	42	-0.28332106038291605
REF_RPMI	MEF2A	42	0.08932516305491267
REF_RPMI	MYC	42	0.45851304439301493
REF_RPMI	NFIC	42	0.10799758047548916
REF_RPMI	PBX3	42	-0.3837313275825794
REF_RPMI	TCF12	42	0.2825189354092152
REF_RPMI	SPI1	42	-0.03246633705028403
REF_RPMI	SPIB	42	0.22271460130443926
REF_RPMI	ETV6	42	-0.0945718493583
REF_RPMI	CEBPB	43	0.46348358931201344
REF_RPMI	FOS	43	-0.1496423311592678
REF_RPMI	FOSL2	43	0.07309856932463707
REF_RPMI	GATA2	43	0.11331001472754049
REF_RPMI	GATA3	43	-0.08097517357458447
REF_RPMI	JUN	43	0.6051178203240057
REF_RPMI	JUND	43	0.2430570166210814
REF_RPMI	MAX	43	-0.2903166421207658
REF_RPMI	MEF2A	43	0.0548337891857774
REF_RPMI	MYC	43	0.4536871449610772
REF_RPMI	NFIC	43	0.09346728382074478
REF_RPMI	PBX3	43	-0.40041815695350297
REF_RPMI	TCF12	43	0.2725778455712181
REF_RPMI	SPI1	43	-0.03593782873974331
REF_RPMI	SPIB	43	0.21490374500315587
REF_RPMI	ETV6	43	-0.09642594151062485
REF_RPMI	CEBPB	44	0.468059646539028
REF_RPMI	FOS	44	-0.1255391331790448
REF_RPMI	FOSL2	44	0.06414369871660004
REF_RPMI	GATA2	44	0.12951030927835053
REF_RPMI	GATA3	44	-0.08215863665053649
REF_RPMI	JUN	44	0.6194771723122239
REF_RPMI	JUND	44	0.2461340206185567
REF_RPMI	MAX	44	-0.275681148748159
REF_RPMI	MEF2A	44	0.09215232484746476
REF_RPMI	MYC	44	0.453963286345466
REF_RPMI	NFIC	44	0.10235640648011782
REF_RPMI	PBX3	44	-0.39363296865137803
REF_RPMI	TCF12	44	0.2930123080159899
REF_RPMI	SPI1	44	-0.03546444350936251
REF_RPMI	SPIB	44	0.21762571007784554
REF_RPMI	ETV6	44	-0.09877971807279612
REF_RPMI	CEBPB	45	0.46219492951819896
REF_RPMI	FOS	45	-0.1378734483484115
REF_RPMI	FOSL2	45	0.06590574374079528
REF_RPMI	GATA2	45	0.11600568062276455
REF_RPMI	GATA3	45	-0.07562329055333473
REF_RPMI	JUN	45	0.6158347359562382
REF_RPMI	JUND	45	0.2559567641489585
REF_RPMI	MAX	45	-0.28822585735325057
REF_RPMI	MEF2A	45	0.07821375973069639
REF_RPMI	MYC	45	0.4630102040816326
REF_RPMI	NFIC	45	0.102080265095729
REF_RPMI	PBX3	45	-0.391923521986114
REF_RPMI	TCF12	45	0.2894093204292026
REF_RPMI	SPI1	45	-0.042604670734273084
REF_RPMI	SPIB	45	0.23060435514411948
REF_RPMI	ETV6	45	-0.10607774037450031
REF_RPMI	CEBPB	46	0.4589995792131285
REF_RPMI	FOS	46	-0.13077266989269934
REF_RPMI	FOSL2	46	0.06463023353671365
REF_RPMI	GATA2	46	0.10865505996212917
REF_RPMI	GATA3	46	-0.06966652640437618
REF_RPMI	JUN	46	0.61438828108563
REF_RPMI	JUND	46	0.24956606353881758
REF_RPMI	MAX	46	-0.2925915211445403
REF_RPMI	MEF2A	46	0.07374289922154428
REF_RPMI	MYC	46	0.4645224069009046
REF_RPMI	NFIC	46	0.10105459709657058
REF_RPMI	PBX3	46	-0.38939880075741634
REF_RPMI	TCF12	46	0.3009941089837997
REF_RPMI	SPI1	46	-0.043919629707553115
REF_RPMI	SPIB	46	0.2224910582789817
REF_RPMI	ETV6	46	-0.11250788975383967
REF_RPMI	CEBPB	47	0.4676125604881127
REF_RPMI	FOS	47	-0.1293656637912897
REF_RPMI	FOSL2	47	0.06750999368819692
REF_RPMI	GATA2	47	0.1093651378077004
REF_RPMI	GATA3	47	-0.07699084788554597
REF_RPMI	JUN	47	0.6205948874395119
REF_RPMI	JUND	47	0.2529586576898801
REF_RPMI	MAX	47	-0.2872264885335577
REF_RPMI	MEF2A	47	0.08267147065011571
REF_RPMI	MYC	47	0.46780980433410474
REF_RPMI	NFIC	47	0.10757679360403954
REF_RPMI	PBX3	47	-0.38061487481590567
REF_RPMI	TCF12	47	0.2863191668419945
REF_RPMI	SPI1	47	-0.03421523248474647
REF_RPMI	SPIB	47	0.22149168945928882
REF_RPMI	ETV6	47	-0.09921365453397853
REF_RPMI	CEBPB	48	0.46759941089837986
REF_RPMI	FOS	48	-0.13483589312013464
REF_RPMI	FOSL2	48	0.06720755312434251
REF_RPMI	GATA2	48	0.11717599410898379
REF_RPMI	GATA3	48	-0.07450557542604669
REF_RPMI	JUN	48	0.6191615821586366
REF_RPMI	JUND	48	0.2545234588680833
REF_RPMI	MAX	48	-0.2909741216074058
REF_RPMI	MEF2A	48	0.08130391331790447
REF_RPMI	MYC	48	0.45851304439301493
REF_RPMI	NFIC	48	0.10304018514622344
REF_RPMI	PBX3	48	-0.3902535240900483
REF_RPMI	TCF12	48	0.2892909741216074
REF_RPMI	SPI1	48	-0.03772617294340416
REF_RPMI	SPIB	48	0.22563381022512094
REF_RPMI	ETV6	48	-0.10259309909530823
REF_RPMI	CEBPB	49	0.45893383126446446
REF_RPMI	FOS	49	-0.1367425836313907
REF_RPMI	FOSL2	49	0.07065274563433621
REF_RPMI	GATA2	49	0.11617662528929097
REF_RPMI	GATA3	49	-0.07345360824742267
REF_RPMI	JUN	49	0.6153087523669262
REF_RPMI	JUND	49	0.25119661266568477
REF_RPMI	MAX	49	-0.2872922364822217
REF_RPMI	MEF2A	49	0.07879234167893961
REF_RPMI	MYC	49	0.46144540290342934
REF_RPMI	NFIC	49	0.10259309909530823
REF_RPMI	PBX3	49	-0.3922654113191668
REF_RPMI	TCF12	49	0.28701609509783294
REF_RPMI	SPI1	49	-0.04403797601514832
REF_RPMI	SPIB	49	0.22508152745634333
REF_RPMI	ETV6	49	-0.1094177361666316
REF_RPMI	CEBPB	50	0.45747422680412364
REF_RPMI	FOS	50	-0.12361929307805596
REF_RPMI	FOSL2	50	0.054255207237534187
REF_RPMI	GATA2	50	0.09925310330317694
REF_RPMI	GATA3	50	-0.07962076583210603
REF_RPMI	JUN	50	0.6133757626762045
REF_RPMI	JUND	50	0.2431359141594782
REF_RPMI	MAX	50	-0.29180254576057224
REF_RPMI	MEF2A	50	0.09509783294761202
REF_RPMI	MYC	50	0.4728197980223017
REF_RPMI	NFIC	50	0.0973990111508521
REF_RPMI	PBX3	50	-0.3787739322533136
REF_RPMI	TCF12	50	0.2883836524300441
REF_RPMI	SPI1	50	-0.03855459709657058
REF_RPMI	SPIB	50	0.23320797391121392
REF_RPMI	ETV6	50	-0.09378287397433198
REF_RPMI	CEBPB	51	0.45514674942141803
REF_RPMI	FOS	51	-0.15057595203029664
REF_RPMI	FOSL2	51	0.06544550810014726
REF_RPMI	GATA2	51	0.12560488112770882
REF_RPMI	GATA3	51	-0.08079107931832526
REF_RPMI	JUN	51	0.6059988428361035
REF_RPMI	JUND	51	0.2430570166210814
REF_RPMI	MAX	51	-0.2945902587839259
REF_RPMI	MEF2A	51	0.08968020197769828
REF_RPMI	MYC	51	0.4419445613296865
REF_RPMI	NFIC	51	0.10493372606774667
REF_RPMI	PBX3	51	-0.38048337891857775
REF_RPMI	TCF12	51	0.27316957710919415
REF_RPMI	SPI1	51	-0.03229539238375762
REF_RPMI	SPIB	51	0.21186618977487898
REF_RPMI	ETV6	51	-0.08979854828529348
REF_RPMI	CEBPB	52	0.4646407532084998
REF_RPMI	FOS	52	-0.12724857984430885
REF_RPMI	FOSL2	52	0.08158005470229329
REF_RPMI	GATA2	52	0.11068009678098042
REF_RPMI	GATA3	52	-0.08293446244477172
REF_RPMI	JUN	52	0.6263675573322112
REF_RPMI	JUND	52	0.25687723543025454
REF_RPMI	MAX	52	-0.2799942141805175
REF_RPMI	MEF2A	52	0.08730012623606144
REF_RPMI	MYC	52	0.4617872922364822
REF_RPMI	NFIC	52	0.10953608247422679
REF_RPMI	PBX3	52	-0.3885177782453187
REF_RPMI	TCF12	52	0.2933147485798443
REF_RPMI	SPI1	52	-0.03358405217757206
REF_RPMI	SPIB	52	0.21809909530822635
REF_RPMI	ETV6	52	-0.09803019145802651
REF_RPMI	CEBPB	53	0.4583420997264885
REF_RPMI	FOS	53	-0.12726172943404165
REF_RPMI	FOSL2	53	0.0664974752787713
REF_RPMI	GATA2	53	0.11563749211024614
REF_RPMI	GATA3	53	-0.07223069640227225
REF_RPMI	JUN	53	0.6134809593940669
REF_RPMI	JUND	53	0.2465153587208079
REF_RPMI	MAX	53	-0.28149326741005676
REF_RPMI	MEF2A	53	0.07567588891226593
REF_RPMI	MYC	53	0.45843414685461814
REF_RPMI	NFIC	53	0.10906269724384599
REF_RPMI	PBX3	53	-0.38580896276036186
REF_RPMI	TCF12	53	0.29887702503681884
REF_RPMI	SPI1	53	-0.038594045865768985
REF_RPMI	SPIB	53	0.2303150641699979
REF_RPMI	ETV6	53	-0.10039711760993057
REF_RPMI	CEBPB	54	0.4651535872080791
REF_RPMI	FOS	54	-0.13287660424994738
REF_RPMI	FOSL2	54	0.06125078897538396
REF_RPMI	GATA2	54	0.1364927414264675
REF_RPMI	GATA3	54	-0.08903587208079108
REF_RPMI	JUN	54	0.6153613507258573
REF_RPMI	JUND	54	0.2557858194824321
REF_RPMI	MAX	54	-0.2711708394698085
REF_RPMI	MEF2A	54	0.08982484746475909
REF_RPMI	MYC	54	0.44132653061224486
REF_RPMI	NFIC	54	0.09896381232905532
REF_RPMI	PBX3	54	-0.4144093204292026
REF_RPMI	TCF12	54	0.27165737428992215
REF_RPMI	SPI1	54	-0.029862718283189565
REF_RPMI	SPIB	54	0.20920997264885335
REF_RPMI	ETV6	54	-0.10695876288659792
REF_RPMI	CEBPB	55	0.46016989269934777
REF_RPMI	FOS	55	-0.12726172943404165
REF_RPMI	FOSL2	55	0.07267778245318746
REF_RPMI	GATA2	55	0.10997001893540921
REF_RPMI	GATA3	55	-0.06474857984430886
REF_RPMI	JUN	55	0.6156243425205133
REF_RPMI	JUND	55	0.26351777824531875
REF_RPMI	MAX	55	-0.2982589943193772
REF_RPMI	MEF2A	55	0.0699821165579634
REF_RPMI	MYC	55	0.4592362718283189
REF_RPMI	NFIC	55	0.1056438039133179
REF_RPMI	PBX3	55	-0.40143067536292865
REF_RPMI	TCF12	55	0.2822296444350936
REF_RPMI	SPI1	55	-0.03596412791920892
REF_RPMI	SPIB	55	0.22155743740795286
REF_RPMI	ETV6	55	-0.10664317273301072
REF_RPMI	CEBPB	56	0.4579870608037029
REF_RPMI	FOS	56	-0.13473069640227223
REF_RPMI	FOSL2	56	0.06427519461392804
REF_RPMI	GATA2	56	0.11561119293078055
REF_RPMI	GATA3	56	-0.07183620871028823
REF_RPMI	JUN	56	0.6148879654954765
REF_RPMI	JUND	56	0.25309015358720804
REF_RPMI	MAX	56	-0.2905927835051546
REF_RPMI	MEF2A	56	0.07709604460340837
REF_RPMI	MYC	56	0.4561461182411109
REF_RPMI	NFIC	56	0.101751525352409
REF_RPMI	PBX3	56	-0.3916210814222596
REF_RPMI	TCF12	56	0.2903955396591626
REF_RPMI	SPI1	56	-0.04134231011992426
REF_RPMI	SPIB	56	0.22797443719755942
REF_RPMI	ETV6	56	-0.10485482852934987
REF_RPMI	CEBPB	57	0.45913107511045653
REF_RPMI	FOS	57	-0.13524353040185144
REF_RPMI	FOSL2	57	0.07296707342730906
REF_RPMI	GATA2	57	0.11152167052387965
REF_RPMI	GATA3	57	-0.07366400168314749
REF_RPMI	JUN	57	0.6146118241110877
REF_RPMI	JUND	57	0.24969755943614555
REF_RPMI	MAX	57	-0.2869634967389017
REF_RPMI	MEF2A	57	0.0782926572690932
REF_RPMI	MYC	57	0.460288239006943
REF_RPMI	NFIC	57	0.1017252261729434
REF_RPMI	PBX3	57	-0.3894250999368819
REF_RPMI	TCF12	57	0.2945639596044603
REF_RPMI	SPI1	57	-0.03738428361035136
REF_RPMI	SPIB	57	0.2238060172522617
REF_RPMI	ETV6	57	-0.10301388596675783
REF_RPMI	CEBPB	58	0.45757942352198605
REF_RPMI	FOS	58	-0.13586156111929307
REF_RPMI	FOSL2	58	0.06772038712392173
REF_RPMI	GATA2	58	0.117886071954555
REF_RPMI	GATA3	58	-0.07224384599200505
REF_RPMI	JUN	58	0.6140858405217757
REF_RPMI	JUND	58	0.2513412581527456
REF_RPMI	MAX	58	-0.291158215863665
REF_RPMI	MEF2A	58	0.07709604460340837
REF_RPMI	MYC	58	0.46165579633915416
REF_RPMI	NFIC	58	0.10158058068588259
REF_RPMI	PBX3	58	-0.39347517357458445
REF_RPMI	TCF12	58	0.2878708184304649
REF_RPMI	SPI1	58	-0.04173679781190826
REF_RPMI	SPIB	58	0.22708026509572898
REF_RPMI	ETV6	58	-0.1054860088365243
REF_RPMI	CEBPB	59	0.45296391752577314
REF_RPMI	FOS	59	-0.16823585104144748
REF_RPMI	FOSL2	59	0.07743793393646119
REF_RPMI	GATA2	59	0.08862823479907427
REF_RPMI	GATA3	59	-0.0590153587208079
REF_RPMI	JUN	59	0.6057752998106458
REF_RPMI	JUND	59	0.275418156953503
REF_RPMI	MAX	59	-0.26359667578371554
REF_RPMI	MEF2A	59	0.05141489585524931
REF_RPMI	MYC	59	0.44640227224910584
REF_RPMI	NFIC	59	0.07391384388807068
REF_RPMI	PBX3	59	-0.3969729644435093
REF_RPMI	TCF12	59	0.27572059751735745
REF_RPMI	SPI1	59	-0.06576109825373448
REF_RPMI	SPIB	59	0.23732379549758045
REF_RPMI	ETV6	59	-0.13959604460340835
REF_RPMI	CEBPB	60	0.46683673469387754
REF_RPMI	FOS	60	-0.13851777824531872
REF_RPMI	FOSL2	60	0.07003471491689459
REF_RPMI	GATA2	60	0.1139411950347149
REF_RPMI	GATA3	60	-0.06565590153587207
REF_RPMI	JUN	60	0.6189117399537135
REF_RPMI	JUND	60	0.2659899011150852
REF_RPMI	MAX	60	-0.28086208710288235
REF_RPMI	MEF2A	60	0.08426257100778456
REF_RPMI	MYC	60	0.4672575215653271
REF_RPMI	NFIC	60	0.10865505996212917
REF_RPMI	PBX3	60	-0.38887281716810435
REF_RPMI	TCF12	60	0.3054255207237534
REF_RPMI	SPI1	60	-0.036345466021460125
REF_RPMI	SPIB	60	0.2303150641699979
REF_RPMI	ETV6	60	-0.10392120765832105
REF_RPMI	CEBPB	61	0.44521880917315376
REF_RPMI	FOS	61	-0.15398169577109194
REF_RPMI	FOSL2	61	0.09595255628024404
REF_RPMI	GATA2	61	0.11860929938985902
REF_RPMI	GATA3	61	-0.049731748369450865
REF_RPMI	JUN	61	0.6044603408373659
REF_RPMI	JUND	61	0.27264359351988215
REF_RPMI	MAX	61	-0.27789027982326947
REF_RPMI	MEF2A	61	0.059094256259204704
REF_RPMI	MYC	61	0.44348306332842413
REF_RPMI	NFIC	61	0.11916158215863663
REF_RPMI	PBX3	61	-0.3836787292236482
REF_RPMI	TCF12	61	0.2784557121817799
REF_RPMI	SPI1	61	-0.02311697875026299
REF_RPMI	SPIB	61	0.22468703976435933
REF_RPMI	ETV6	61	-0.10405270355564905
REF_RPMI	CEBPB	62	0.45658005470229324
REF_RPMI	FOS	62	-0.13428361035135702
REF_RPMI	FOSL2	62	0.07643856511676834
REF_RPMI	GATA2	62	0.10981222385861561
REF_RPMI	GATA3	62	-0.07539974752787713
REF_RPMI	JUN	62	0.6145592257521565
REF_RPMI	JUND	62	0.2607432148116978
REF_RPMI	MAX	62	-0.2891726278140122
REF_RPMI	MEF2A	62	0.07283557752998106
REF_RPMI	MYC	62	0.45042604670734265
REF_RPMI	NFIC	62	0.10591994529770671
REF_RPMI	PBX3	62	-0.38196928255838414
REF_RPMI	TCF12	62	0.2869766463286345
REF_RPMI	SPI1	62	-0.036595308226383336
REF_RPMI	SPIB	62	0.22341152956027768
REF_RPMI	ETV6	62	-0.09863507258573531
REF_RPMI	CEBPB	63	0.46216863033873334
REF_RPMI	FOS	63	-0.1371239217336419
REF_RPMI	FOSL2	63	0.05207237534188933
REF_RPMI	GATA2	63	0.12705133599831683
REF_RPMI	GATA3	63	-0.08047548916473805
REF_RPMI	JUN	63	0.6297207027140753
REF_RPMI	JUND	63	0.24459551861981904
REF_RPMI	MAX	63	-0.2931569535030507
REF_RPMI	MEF2A	63	0.09451925099936882
REF_RPMI	MYC	63	0.4674416158215863
REF_RPMI	NFIC	63	0.09668893330528087
REF_RPMI	PBX3	63	-0.39098990111508514
REF_RPMI	TCF12	63	0.27708815484956867
REF_RPMI	SPI1	63	-0.035188302124973696
REF_RPMI	SPIB	63	0.22068956448558805
REF_RPMI	ETV6	63	-0.10322427940248263
REF_RPMI	CEBPB	64	0.4603802861350725
REF_RPMI	FOS	64	-0.1492215442878182
REF_RPMI	FOSL2	64	0.08516989269934777
REF_RPMI	GATA2	64	0.13225857353250578
REF_RPMI	GATA3	64	-0.06570849989480328
REF_RPMI	JUN	64	0.6225278771302335
REF_RPMI	JUND	64	0.2395855249316221
REF_RPMI	MAX	64	-0.30884441405428154
REF_RPMI	MEF2A	64	0.07555754260467074
REF_RPMI	MYC	64	0.4661661056175047
REF_RPMI	NFIC	64	0.08739217336419101
REF_RPMI	PBX3	64	-0.4142646749421417
REF_RPMI	TCF12	64	0.30585945718493585
REF_RPMI	SPI1	64	-0.0587786661056175
REF_RPMI	SPIB	64	0.21759941089837995
REF_RPMI	ETV6	64	-0.12419787502629917
REF_RPMI	CEBPB	65	0.4590916263412581
REF_RPMI	FOS	65	-0.13483589312013464
REF_RPMI	FOSL2	65	0.0666158215863665
REF_RPMI	GATA2	65	0.11626867241742056
REF_RPMI	GATA3	65	-0.07472911845150432
REF_RPMI	JUN	65	0.6156637912897117
REF_RPMI	JUND	65	0.25064432989690716
REF_RPMI	MAX	65	-0.28709499263622973
REF_RPMI	MEF2A	65	0.07745108352619397
REF_RPMI	MYC	65	0.461471702082895
REF_RPMI	NFIC	65	0.10311908268462022
REF_RPMI	PBX3	65	-0.3918840732169156
REF_RPMI	TCF12	65	0.2891463286345466
REF_RPMI	SPI1	65	-0.038672943404165785
REF_RPMI	SPIB	65	0.22508152745634333
REF_RPMI	ETV6	65	-0.10344782242794023
REF_RPMI	CEBPB	66	0.45740847885545965
REF_RPMI	FOS	66	-0.13469124763307383
REF_RPMI	FOSL2	66	0.06741794656006732
REF_RPMI	GATA2	66	0.12281716810435513
REF_RPMI	GATA3	66	-0.06630023143277929
REF_RPMI	JUN	66	0.6125999368819692
REF_RPMI	JUND	66	0.2543262150220913
REF_RPMI	MAX	66	-0.29317010309278346
REF_RPMI	MEF2A	66	0.07684620239848518
REF_RPMI	MYC	66	0.4583815484956869
REF_RPMI	NFIC	66	0.10668262150220911
REF_RPMI	PBX3	66	-0.3883468335787923
REF_RPMI	TCF12	66	0.297022932884494
REF_RPMI	SPI1	66	-0.039369871660004205
REF_RPMI	SPIB	66	0.22980223017041865
REF_RPMI	ETV6	66	-0.10455238796549546
REF_RPMI	CEBPB	67	0.46085367136545335
REF_RPMI	FOS	67	-0.13043078055964652
REF_RPMI	FOSL2	67	0.08461760993057016
REF_RPMI	GATA2	67	0.1056043551441195
REF_RPMI	GATA3	67	-0.07766147696191879
REF_RPMI	JUN	67	0.6231853566168735
REF_RPMI	JUND	67	0.2595071533768146
REF_RPMI	MAX	67	-0.2853329476120345
REF_RPMI	MEF2A	67	0.08528823900694298
REF_RPMI	MYC	67	0.44253629286766255
REF_RPMI	NFIC	67	0.09713601935619608
REF_RPMI	PBX3	67	-0.3801677887649905
REF_RPMI	TCF12	67	0.28972491058278976
REF_RPMI	SPI1	67	-0.038725541763096984
REF_RPMI	SPIB	67	0.23027561540079947
REF_RPMI	ETV6	67	-0.09567641489585522
REF_RPMI	CEBPB	68	0.46704712812960225
REF_RPMI	FOS	68	-0.14826162423732375
REF_RPMI	FOSL2	68	0.09718861771512727
REF_RPMI	GATA2	68	0.12184409846412791
REF_RPMI	GATA3	68	-0.0825005259835893
REF_RPMI	JUN	68	0.6372291184515042
REF_RPMI	JUND	68	0.25778455712181775
REF_RPMI	MAX	68	-0.26902745634336206
REF_RPMI	MEF2A	68	0.06125078897538396
REF_RPMI	MYC	68	0.44236534820113604
REF_RPMI	NFIC	68	0.0871554807490006
REF_RPMI	PBX3	68	-0.3923048600883652
REF_RPMI	TCF12	68	0.275286661056175
REF_RPMI	SPI1	68	-0.025286661056175046
REF_RPMI	SPIB	68	0.24634441405428148
REF_RPMI	ETV6	68	-0.09207342730906795
REF_RPMI	CEBPB	69	0.46390437618346303
REF_RPMI	FOS	69	-0.1296944035346097
REF_RPMI	FOSL2	69	0.0629207868714496
REF_RPMI	GATA2	69	0.11829370923627182
REF_RPMI	GATA3	69	-0.08181674731748369
REF_RPMI	JUN	69	0.6245660635388175
REF_RPMI	JUND	69	0.2551546391752577
REF_RPMI	MAX	69	-0.28411003576688404
REF_RPMI	MEF2A	69	0.08606406480117819
REF_RPMI	MYC	69	0.4647722491058279
REF_RPMI	NFIC	69	0.10823427309067957
REF_RPMI	PBX3	69	-0.3885572270145171
REF_RPMI	TCF12	69	0.2846360193561961
REF_RPMI	SPI1	69	-0.03383389438249526
REF_RPMI	SPIB	69	0.22033452556280242
REF_RPMI	ETV6	69	-0.09973963812329054
REF_RPMI	CEBPB	70	0.44365400799495047
REF_RPMI	FOS	70	-0.14682831895644854
REF_RPMI	FOSL2	70	0.06723385230380811
REF_RPMI	GATA2	70	0.11480906795707972
REF_RPMI	GATA3	70	-0.05169103723963812
REF_RPMI	JUN	70	0.6066563223227435
REF_RPMI	JUND	70	0.23929623395750052
REF_RPMI	MAX	70	-0.2865427098674521
REF_RPMI	MEF2A	70	0.05604355144119502
REF_RPMI	MYC	70	0.4612350094677046
REF_RPMI	NFIC	70	0.08718177992846622
REF_RPMI	PBX3	70	-0.3983931201346518
REF_RPMI	TCF12	70	0.27109194193141173
REF_RPMI	SPI1	70	-0.056477487902377436
REF_RPMI	SPIB	70	0.22012413212707763
REF_RPMI	ETV6	70	-0.10854986324426676
REF_RPMI	CEBPB	71	0.4549758047548916
REF_RPMI	FOS	71	-0.14610509152114454
REF_RPMI	FOSL2	71	0.06046181359141594
REF_RPMI	GATA2	71	0.11580843677677255
REF_RPMI	GATA3	71	-0.07237534188933305
REF_RPMI	JUN	71	0.6126656848306332
REF_RPMI	JUND	71	0.24805386071954555
REF_RPMI	MAX	71	-0.28400483904902163
REF_RPMI	MEF2A	71	0.0748869135282979
REF_RPMI	MYC	71	0.45352934988428356
REF_RPMI	NFIC	71	0.09645224069009047
REF_RPMI	PBX3	71	-0.39042446875657477
REF_RPMI	TCF12	71	0.2869897959183673
REF_RPMI	SPI1	71	-0.048180096780980425
REF_RPMI	SPIB	71	0.22999947401641066
REF_RPMI	ETV6	71	-0.11107458447296444
REF_RPMI	CEBPB	72	0.4573164317273301
REF_RPMI	FOS	72	-0.14049021670523879
REF_RPMI	FOSL2	72	0.0667210183042289
REF_RPMI	GATA2	72	0.1211866189774879
REF_RPMI	GATA3	72	-0.06979802230170418
REF_RPMI	JUN	72	0.6140069429833789
REF_RPMI	JUND	72	0.2503813381022512
REF_RPMI	MAX	72	-0.2939196297075531
REF_RPMI	MEF2A	72	0.07422943404165788
REF_RPMI	MYC	72	0.45285872080791073
REF_RPMI	NFIC	72	0.09851672627814011
REF_RPMI	PBX3	72	-0.3964732800336629
REF_RPMI	TCF12	72	0.2944456132968651
REF_RPMI	SPI1	72	-0.04456395960446033
REF_RPMI	SPIB	72	0.2275667999158426
REF_RPMI	ETV6	72	-0.10891805175678519
REF_RPMI	CEBPB	73	0.45740847885545965
REF_RPMI	FOS	73	-0.13984588680833157
REF_RPMI	FOSL2	73	0.06870660635388175
REF_RPMI	GATA2	73	0.11103513570376602
REF_RPMI	GATA3	73	-0.06990321901956659
REF_RPMI	JUN	73	0.614191037239638
REF_RPMI	JUND	73	0.25148590363980644
REF_RPMI	MAX	73	-0.28495160950978327
REF_RPMI	MEF2A	73	0.07534714916894591
REF_RPMI	MYC	73	0.4545681674731748
REF_RPMI	NFIC	73	0.09906900904691772
REF_RPMI	PBX3	73	-0.3953950136755733
REF_RPMI	TCF12	73	0.28890963601935615
REF_RPMI	SPI1	73	-0.04515569114243635
REF_RPMI	SPIB	73	0.23281348621922993
REF_RPMI	ETV6	73	-0.11036450662739321
REF_RPMI	CEBPB	74	0.4600909951609509
REF_RPMI	FOS	74	-0.1328108563012834
REF_RPMI	FOSL2	74	0.0664843256890385
REF_RPMI	GATA2	74	0.11547969703345254
REF_RPMI	GATA3	74	-0.07617557332211235
REF_RPMI	JUN	74	0.616965600673259
REF_RPMI	JUND	74	0.2504339364611824
REF_RPMI	MAX	74	-0.29054018514622343
REF_RPMI	MEF2A	74	0.07712234378287397
REF_RPMI	MYC	74	0.46216863033873334
REF_RPMI	NFIC	74	0.10467073427309066
REF_RPMI	PBX3	74	-0.38807069219440343
REF_RPMI	TCF12	74	0.2894093204292026
REF_RPMI	SPI1	74	-0.037055543867031346
REF_RPMI	SPIB	74	0.22717231222385856
REF_RPMI	ETV6	74	-0.1021065642751946
REF_RPMI	CEBPB	75	0.4597885545970965
REF_RPMI	FOS	75	-0.13267936040395537
REF_RPMI	FOSL2	75	0.0664843256890385
REF_RPMI	GATA2	75	0.11729434041657898
REF_RPMI	GATA3	75	-0.07779297285924679
REF_RPMI	JUN	75	0.619595518619819
REF_RPMI	JUND	75	0.2533136966126657
REF_RPMI	MAX	75	-0.2862271197138649
REF_RPMI	MEF2A	75	0.0820534399326741
REF_RPMI	MYC	75	0.4593809173153797
REF_RPMI	NFIC	75	0.1056438039133179
REF_RPMI	PBX3	75	-0.39000368188512513
REF_RPMI	TCF12	75	0.28791026719966334
REF_RPMI	SPI1	75	-0.037502629917946555
REF_RPMI	SPIB	75	0.22900010519671785
REF_RPMI	ETV6	75	-0.10285609088996421
REF_RPMI	CEBPB	76	0.45191195034714915
REF_RPMI	FOS	76	-0.12724857984430885
REF_RPMI	FOSL2	76	0.05708236903008626
REF_RPMI	GATA2	76	0.12229118451504313
REF_RPMI	GATA3	76	-0.06474857984430886
REF_RPMI	JUN	76	0.6113901746265515
REF_RPMI	JUND	76	0.251117715127288
REF_RPMI	MAX	76	-0.2846360193561961
REF_RPMI	MEF2A	76	0.07583368398905954
REF_RPMI	MYC	76	0.46414106879865347
REF_RPMI	NFIC	76	0.10271144540290342
REF_RPMI	PBX3	76	-0.3954213128550389
REF_RPMI	TCF12	76	0.2930649063749211
REF_RPMI	SPI1	76	-0.04477435304018514
REF_RPMI	SPIB	76	0.2382705659583421
REF_RPMI	ETV6	76	-0.10645907847675151
REF_RPMI	CEBPB	77	0.4645750052598358
REF_RPMI	FOS	77	-0.13287660424994738
REF_RPMI	FOSL2	77	0.06691826215022091
REF_RPMI	GATA2	77	0.12614401430675362
REF_RPMI	GATA3	77	-0.09980538607195456
REF_RPMI	JUN	77	0.6124158426257099
REF_RPMI	JUND	77	0.26033557752998104
REF_RPMI	MAX	77	-0.2711708394698085
REF_RPMI	MEF2A	77	0.09298074900063118
REF_RPMI	MYC	77	0.44185251420155686
REF_RPMI	NFIC	77	0.11912213338943824
REF_RPMI	PBX3	77	-0.386453292657269
REF_RPMI	TCF12	77	0.2900667999158426
REF_RPMI	SPI1	77	-0.024063749211024617
REF_RPMI	SPIB	77	0.2079607616242373
REF_RPMI	ETV6	77	-0.09979223648222176
REF_RPMI	CEBPB	78	0.468059646539028
REF_RPMI	FOS	78	-0.14598674521354935
REF_RPMI	FOSL2	78	0.07596517988638754
REF_RPMI	GATA2	78	0.12647275405007363
REF_RPMI	GATA3	78	-0.07643856511676834
REF_RPMI	JUN	78	0.639477698295813
REF_RPMI	JUND	78	0.26550336629497157
REF_RPMI	MAX	78	-0.298403639806438
REF_RPMI	MEF2A	78	0.08904902167052386
REF_RPMI	MYC	78	0.44855880496528505
REF_RPMI	NFIC	78	0.09505838417841363
REF_RPMI	PBX3	78	-0.39880075741636856
REF_RPMI	TCF12	78	0.297811908268462
REF_RPMI	SPI1	78	-0.0352146013044393
REF_RPMI	SPIB	78	0.2391252892909741
REF_RPMI	ETV6	78	-0.11136387544708605
REF_RPMI	CEBPB	79	0.4640621712602566
REF_RPMI	FOS	79	-0.14092415316642118
REF_RPMI	FOSL2	79	0.05990953082263833
REF_RPMI	GATA2	79	0.117425836313907
REF_RPMI	GATA3	79	-0.07676730486008837
REF_RPMI	JUN	79	0.6153613507258573
REF_RPMI	JUND	79	0.26159793814432986
REF_RPMI	MAX	79	-0.2823216915632232
REF_RPMI	MEF2A	79	0.08302650957290131
REF_RPMI	MYC	79	0.4599069009046917
REF_RPMI	NFIC	79	0.10402640437618345
REF_RPMI	PBX3	79	-0.38778140122028193
REF_RPMI	TCF12	79	0.28428098043341044
REF_RPMI	SPI1	79	-0.035806332842415314
REF_RPMI	SPIB	79	0.23219545550178833
REF_RPMI	ETV6	79	-0.09973963812329054
REF_RPMI	CEBPB	80	0.4449689669682306
REF_RPMI	FOS	80	-0.12453976435935198
REF_RPMI	FOSL2	80	0.07912108142225961
REF_RPMI	GATA2	80	0.12406637912897117
REF_RPMI	GATA3	80	-0.0782269093204292
REF_RPMI	JUN	80	0.6034609720176729
REF_RPMI	JUND	80	0.2750368188512518
REF_RPMI	MAX	80	-0.2693167473174837
REF_RPMI	MEF2A	80	0.06466968230591205
REF_RPMI	MYC	80	0.44147117609930564
REF_RPMI	NFIC	80	0.12284346728382074
REF_RPMI	PBX3	80	-0.37159425625920467
REF_RPMI	TCF12	80	0.3009020618556701
REF_RPMI	SPI1	80	-0.025194613928045444
REF_RPMI	SPIB	80	0.2157716179255207
REF_RPMI	ETV6	80	-0.0940984641279192
REF_RPMI	CEBPB	81	0.4484667578371554
REF_RPMI	FOS	81	-0.15412634125815275
REF_RPMI	FOSL2	81	0.0549652850831054
REF_RPMI	GATA2	81	0.12308015989901114
REF_RPMI	GATA3	81	-0.06505102040816327
REF_RPMI	JUN	81	0.6085761624237324
REF_RPMI	JUND	81	0.24067694087944455
REF_RPMI	MAX	81	-0.2832816116137176
REF_RPMI	MEF2A	81	0.0664843256890385
REF_RPMI	MYC	81	0.4466258152745634
REF_RPMI	NFIC	81	0.08864138438880707
REF_RPMI	PBX3	81	-0.3834025878392594
REF_RPMI	TCF12	81	0.28413633494634966
REF_RPMI	SPI1	81	-0.05605670103092783
REF_RPMI	SPIB	81	0.2391252892909741
REF_RPMI	ETV6	81	-0.12298811277088154
REF_RPMI	CEBPB	82	0.4588943824952661
REF_RPMI	FOS	82	-0.13622974963181148
REF_RPMI	FOSL2	82	0.06741794656006732
REF_RPMI	GATA2	82	0.11098253734483482
REF_RPMI	GATA3	82	-0.07279612876078266
REF_RPMI	JUN	82	0.6147038712392173
REF_RPMI	JUND	82	0.25048653482011357
REF_RPMI	MAX	82	-0.2905927835051546
REF_RPMI	MEF2A	82	0.0785950978329476
REF_RPMI	MYC	82	0.4597491058278981
REF_RPMI	NFIC	82	0.102014517147065
REF_RPMI	PBX3	82	-0.3849279402482642
REF_RPMI	TCF12	82	0.289777508941721
REF_RPMI	SPI1	82	-0.040908373658741844
REF_RPMI	SPIB	82	0.22594940037870817
REF_RPMI	ETV6	82	-0.10506522196507467
REF_RPMI	CEBPB	83	0.4622475278771302
REF_RPMI	FOS	83	-0.14614454029034293
REF_RPMI	FOSL2	83	0.07007416368609298
REF_RPMI	GATA2	83	0.12498685041026718
REF_RPMI	GATA3	83	-0.08549863244266777
REF_RPMI	JUN	83	0.622028192720387
REF_RPMI	JUND	83	0.26332053439932673
REF_RPMI	MAX	83	-0.2796523248474648
REF_RPMI	MEF2A	83	0.07666210814222596
REF_RPMI	MYC	83	0.4471386492741426
REF_RPMI	NFIC	83	0.10720860509152114
REF_RPMI	PBX3	83	-0.3877156532716179
REF_RPMI	TCF12	83	0.28873869135282976
REF_RPMI	SPI1	83	-0.029533978539869554
REF_RPMI	SPIB	83	0.2234772775089417
REF_RPMI	ETV6	83	-0.10254050073637701
REF_RPMI	CEBPB	84	0.45212234378287397
REF_RPMI	FOS	84	-0.1264859036398064
REF_RPMI	FOSL2	84	0.07553124342520513
REF_RPMI	GATA2	84	0.10377656217126024
REF_RPMI	GATA3	84	-0.07697769829581316
REF_RPMI	JUN	84	0.6141778876499052
REF_RPMI	JUND	84	0.25611455922575216
REF_RPMI	MAX	84	-0.30166473806017247
REF_RPMI	MEF2A	84	0.07255943614559225
REF_RPMI	MYC	84	0.46114296233957497
REF_RPMI	NFIC	84	0.11100883652430044
REF_RPMI	PBX3	84	-0.3801414895855249
REF_RPMI	TCF12	84	0.30691142436355984
REF_RPMI	SPI1	84	-0.034662318535661686
REF_RPMI	SPIB	84	0.22985482852934985
REF_RPMI	ETV6	84	-0.10067325899431938
REF_RPMI	CEBPB	85	0.46219492951819896
REF_RPMI	FOS	85	-0.1365190406059331
REF_RPMI	FOSL2	85	0.06772038712392173
REF_RPMI	GATA2	85	0.11640016831474857
REF_RPMI	GATA3	85	-0.07551809383547232
REF_RPMI	JUN	85	0.6232511045655375
REF_RPMI	JUND	85	0.25310330317694085
REF_RPMI	MAX	85	-0.28741058278981696
REF_RPMI	MEF2A	85	0.07783242162844518
REF_RPMI	MYC	85	0.45654060593309487
REF_RPMI	NFIC	85	0.10233010730065221
REF_RPMI	PBX3	85	-0.38874132127077626
REF_RPMI	TCF12	85	0.29100042078687144
REF_RPMI	SPI1	85	-0.043380496528508304
REF_RPMI	SPIB	85	0.22518672417420574
REF_RPMI	ETV6	85	-0.10406585314538186
REF_RPMI	CEBPB	86	0.4661661056175047
REF_RPMI	FOS	86	-0.13429675994108983
REF_RPMI	FOSL2	86	0.06139543446244476
REF_RPMI	GATA2	86	0.117623080159899
REF_RPMI	GATA3	86	-0.08273721859877971
REF_RPMI	JUN	86	0.614848516726278
REF_RPMI	JUND	86	0.25627235430254575
REF_RPMI	MAX	86	-0.28933042289080574
REF_RPMI	MEF2A	86	0.08171155059962128
REF_RPMI	MYC	86	0.4627998106459078
REF_RPMI	NFIC	86	0.10603829160530191
REF_RPMI	PBX3	86	-0.38925415527035545
REF_RPMI	TCF12	86	0.2835446034083736
REF_RPMI	SPI1	86	-0.03159846412791921
REF_RPMI	SPIB	86	0.2247659373027561
REF_RPMI	ETV6	86	-0.10034451925099935
REF_RPMI	CEBPB	87	0.44349621291815694
REF_RPMI	FOS	87	-0.15173311592678304
REF_RPMI	FOSL2	87	0.061671575846833575
REF_RPMI	GATA2	87	0.09899011150852091
REF_RPMI	GATA3	87	-0.04828529349884283
REF_RPMI	JUN	87	0.604973174836945
REF_RPMI	JUND	87	0.26087471070902585
REF_RPMI	MAX	87	-0.2892646749421418
REF_RPMI	MEF2A	87	0.05714811697875025
REF_RPMI	MYC	87	0.4555806858826004
REF_RPMI	NFIC	87	0.10557805596465389
REF_RPMI	PBX3	87	-0.3932647801388596
REF_RPMI	TCF12	87	0.2864112139701241
REF_RPMI	SPI1	87	-0.04774616031979802
REF_RPMI	SPIB	87	0.23315537555228275
REF_RPMI	ETV6	87	-0.1255785819482432
REF_RPMI	CEBPB	88	0.46663949084788553
REF_RPMI	FOS	88	-0.13429675994108983
REF_RPMI	FOSL2	88	0.07109983168525141
REF_RPMI	GATA2	88	0.12096307595203029
REF_RPMI	GATA3	88	-0.07633336839890595
REF_RPMI	JUN	88	0.6110877340626972
REF_RPMI	JUND	88	0.2701583210603829
REF_RPMI	MAX	88	-0.2898564064801178
REF_RPMI	MEF2A	88	0.07567588891226593
REF_RPMI	MYC	88	0.4668893330528087
REF_RPMI	NFIC	88	0.11499316221333894
REF_RPMI	PBX3	88	-0.3869003787081842
REF_RPMI	TCF12	88	0.282006101409636
REF_RPMI	SPI1	88	-0.031716810435514414
REF_RPMI	SPIB	88	0.22142594151062486
REF_RPMI	ETV6	88	-0.09834578161161371
REF_RPMI	CEBPB	89	0.455606985062066
REF_RPMI	FOS	89	-0.12707763517778245
REF_RPMI	FOSL2	89	0.07699084788554597
REF_RPMI	GATA2	89	0.11862244897959183
REF_RPMI	GATA3	89	-0.056319692825583835
REF_RPMI	JUN	89	0.6289974752787713
REF_RPMI	JUND	89	0.26520092573111714
REF_RPMI	MAX	89	-0.2749842204923206
REF_RPMI	MEF2A	89	0.08944350936250788
REF_RPMI	MYC	89	0.45910477593099097
REF_RPMI	NFIC	89	0.09655743740795286
REF_RPMI	PBX3	89	-0.3911739953713444
REF_RPMI	TCF12	89	0.2772985482852935
REF_RPMI	SPI1	89	-0.05668788133810224
REF_RPMI	SPIB	89	0.24393803913317902
REF_RPMI	ETV6	89	-0.10898379970544919
REF_RPMI	CEBPB	90	0.45013675573322104
REF_RPMI	FOS	90	-0.14026667367978118
REF_RPMI	FOSL2	90	0.06979802230170418
REF_RPMI	GATA2	90	0.1059593940669051
REF_RPMI	GATA3	90	-0.0781874605512308
REF_RPMI	JUN	90	0.6129812749842204
REF_RPMI	JUND	90	0.2613875447086051
REF_RPMI	MAX	90	-0.2869371975594361
REF_RPMI	MEF2A	90	0.07362455291394908
REF_RPMI	MYC	90	0.4516489585524931
REF_RPMI	NFIC	90	0.11086419103723963
REF_RPMI	PBX3	90	-0.38114085840521766
REF_RPMI	TCF12	90	0.29409057437407954
REF_RPMI	SPI1	90	-0.03985640648011781
REF_RPMI	SPIB	90	0.24013780770039972
REF_RPMI	ETV6	90	-0.10313223227435302
REF_RPMI	CEBPB	91	0.46074847464759094
REF_RPMI	FOS	91	-0.1368083315800547
REF_RPMI	FOSL2	91	0.06875920471281295
REF_RPMI	GATA2	91	0.12081843046496947
REF_RPMI	GATA3	91	-0.07301967178624026
REF_RPMI	JUN	91	0.6166368609299389
REF_RPMI	JUND	91	0.25148590363980644
REF_RPMI	MAX	91	-0.2857931832526825
REF_RPMI	MEF2A	91	0.07685935198821796
REF_RPMI	MYC	91	0.4553045444982116
REF_RPMI	NFIC	91	0.10155428150641697
REF_RPMI	PBX3	91	-0.3958158005470229
REF_RPMI	TCF12	91	0.2899616031979802
REF_RPMI	SPI1	91	-0.038857037660424996
REF_RPMI	SPIB	91	0.22635703766042498
REF_RPMI	ETV6	91	-0.10545970965705868
REF_RPMI	CEBPB	92	0.44520565958342095
REF_RPMI	FOS	92	-0.1373343151693667
REF_RPMI	FOSL2	92	0.05809488743951188
REF_RPMI	GATA2	92	0.11419103723963811
REF_RPMI	GATA3	92	-0.08004155270355565
REF_RPMI	JUN	92	0.6066431727330107
REF_RPMI	JUND	92	0.2511571638964864
REF_RPMI	MAX	92	-0.29155270355564905
REF_RPMI	MEF2A	92	0.08196139280454448
REF_RPMI	MYC	92	0.4586971386492741
REF_RPMI	NFIC	92	0.11098253734483482
REF_RPMI	PBX3	92	-0.376446454870608
REF_RPMI	TCF12	92	0.29891647380601727
REF_RPMI	SPI1	92	-0.031203976435935196
REF_RPMI	SPIB	92	0.23378655585945718
REF_RPMI	ETV6	92	-0.09601830422890806
REF_RPMI	CEBPB	93	0.4568167473174837
REF_RPMI	FOS	93	-0.13676888281085628
REF_RPMI	FOSL2	93	0.06249999999999999
REF_RPMI	GATA2	93	0.12864243635598568
REF_RPMI	GATA3	93	-0.07653061224489796
REF_RPMI	JUN	93	0.6198190616452767
REF_RPMI	JUND	93	0.23445718493582998
REF_RPMI	MAX	93	-0.29581317062907636
REF_RPMI	MEF2A	93	0.07614927414264674
REF_RPMI	MYC	93	0.4604986324426677
REF_RPMI	NFIC	93	0.08445981485377656
REF_RPMI	PBX3	93	-0.391923521986114
REF_RPMI	TCF12	93	0.28432042920260886
REF_RPMI	SPI1	93	-0.05695087313275825
REF_RPMI	SPIB	93	0.2117083946980854
REF_RPMI	ETV6	93	-0.10918104355144119
REF_RPMI	CEBPB	94	0.44990006311803066
REF_RPMI	FOS	94	-0.15124658110666947
REF_RPMI	FOSL2	94	0.09559751735745843
REF_RPMI	GATA2	94	0.12389543446244476
REF_RPMI	GATA3	94	-0.043643488323164316
REF_RPMI	JUN	94	0.6053545129391962
REF_RPMI	JUND	94	0.2513412581527456
REF_RPMI	MAX	94	-0.266463286345466
REF_RPMI	MEF2A	94	0.07378234799074268
REF_RPMI	MYC	94	0.4616294971596886
REF_RPMI	NFIC	94	0.08046233957500525
REF_RPMI	PBX3	94	-0.39120029455080996
REF_RPMI	TCF12	94	0.2713943824952661
REF_RPMI	SPI1	94	-0.05940984641279192
REF_RPMI	SPIB	94	0.20907847675152536
REF_RPMI	ETV6	94	-0.10968072796128758
REF_RPMI	CEBPB	95	0.4618398905954133
REF_RPMI	FOS	95	-0.12973385230380813
REF_RPMI	FOSL2	95	0.06515621712602566
REF_RPMI	GATA2	95	0.11509835893120134
REF_RPMI	GATA3	95	-0.05729276246581106
REF_RPMI	JUN	95	0.6286292867662527
REF_RPMI	JUND	95	0.25728487271197137
REF_RPMI	MAX	95	-0.2938144329896907
REF_RPMI	MEF2A	95	0.07758257942352198
REF_RPMI	MYC	95	0.4590258783925941
REF_RPMI	NFIC	95	0.10847096570586996
REF_RPMI	PBX3	95	-0.3887150220913107
REF_RPMI	TCF12	95	0.3054255207237534
REF_RPMI	SPI1	95	-0.03308436776772564
REF_RPMI	SPIB	95	0.2224516095097833
REF_RPMI	ETV6	95	-0.09412476330738481
REF_RPMI	CEBPB	96	0.45605407111298124
REF_RPMI	FOS	96	-0.13444140542815064
REF_RPMI	FOSL2	96	0.061487481590574364
REF_RPMI	GATA2	96	0.1176625289290974
REF_RPMI	GATA3	96	-0.07366400168314749
REF_RPMI	JUN	96	0.6111403324216284
REF_RPMI	JUND	96	0.24963181148748156
REF_RPMI	MAX	96	-0.2870818430464969
REF_RPMI	MEF2A	96	0.07996265516515884
REF_RPMI	MYC	96	0.4604328844940037
REF_RPMI	NFIC	96	0.10352671996633703
REF_RPMI	PBX3	96	-0.38987218598779716
REF_RPMI	TCF12	96	0.29527403745003156
REF_RPMI	SPI1	96	-0.04207868714496107
REF_RPMI	SPIB	96	0.22523932253313692
REF_RPMI	ETV6	96	-0.10974647590995161
REF_RPMI	CEBPB	97	0.46219492951819896
REF_RPMI	FOS	97	-0.13592730906795705
REF_RPMI	FOSL2	97	0.06577424784346728
REF_RPMI	GATA2	97	0.11651851462234378
REF_RPMI	GATA3	97	-0.07298022301704186
REF_RPMI	JUN	97	0.6232511045655375
REF_RPMI	JUND	97	0.25281401220281924
REF_RPMI	MAX	97	-0.289251525352409
REF_RPMI	MEF2A	97	0.07910793183252682
REF_RPMI	MYC	97	0.46149800126236057
REF_RPMI	NFIC	97	0.1016989269934778
REF_RPMI	PBX3	97	-0.390740058910162
REF_RPMI	TCF12	97	0.2913291605301915
REF_RPMI	SPI1	97	-0.04199978960656427
REF_RPMI	SPIB	97	0.22630443930149374
REF_RPMI	ETV6	97	-0.10607774037450031
Carrier_RPMI	CEBPB	0	0.5190339166941836
Carrier_RPMI	FOS	0	0.2611538280107552
Carrier_RPMI	FOSL2	0	0.06740884003962451
Carrier_RPMI	GATA2	0	0.1260342468984386
Carrier_RPMI	GATA3	0	-0.24736072456247932
Carrier_RPMI	JUN	0	0.7013444030378791
Carrier_RPMI	JUND	0	0.04382282183121846
Carrier_RPMI	MAX	0	-0.48722109533468555
Carrier_RPMI	MEF2A	0	0.01872729845747441
Carrier_RPMI	MYC	0	0.5650549554224256
Carrier_RPMI	NFIC	0	0.10544837020614181
Carrier_RPMI	PBX3	0	-0.3805745554035568
Carrier_RPMI	TCF12	0	0.1523939808481532
Carrier_RPMI	SPI1	0	0.07654134628991933
Carrier_RPMI	SPIB	0	0.05838954667673004
Carrier_RPMI	ETV6	0	-0.1575640360394358
Carrier_RPMI	CEBPB	1	0.5180150007075806
Carrier_RPMI	FOS	1	0.2598707486202179
Carrier_RPMI	FOSL2	1	0.0710505212510024
Carrier_RPMI	GATA2	1	0.125732345865371
Carrier_RPMI	GATA3	1	-0.242926553139299
Carrier_RPMI	JUN	1	0.7011557148922118
Carrier_RPMI	JUND	1	0.03621868956082834
Carrier_RPMI	MAX	1	-0.5061653851596772
Carrier_RPMI	MEF2A	1	0.0054813906316335675
Carrier_RPMI	MYC	1	0.5669795745082314
Carrier_RPMI	NFIC	1	0.10384452096797019
Carrier_RPMI	PBX3	1	-0.38048021133072313
Carrier_RPMI	TCF12	1	0.19224491721307607
Carrier_RPMI	SPI1	1	0.07322043492617575
Carrier_RPMI	SPIB	1	0.05740836831926035
Carrier_RPMI	ETV6	1	-0.15924336053587432
Carrier_RPMI	CEBPB	2	0.5211472239256569
Carrier_RPMI	FOS	2	0.21984999292419452
Carrier_RPMI	FOSL2	2	0.08246615406387094
Carrier_RPMI	GATA2	2	0.16730034435586585
Carrier_RPMI	GATA3	2	-0.23853011934525212
Carrier_RPMI	JUN	2	0.7065899334874286
Carrier_RPMI	JUND	2	0.0229727817349875
Carrier_RPMI	MAX	2	-0.488843813387424
Carrier_RPMI	MEF2A	2	0.016972498702769
Carrier_RPMI	MYC	2	0.5673003443558658
Carrier_RPMI	NFIC	2	0.0835039388650408
Carrier_RPMI	PBX3	2	-0.3965753101561394
Carrier_RPMI	TCF12	2	0.17967828671163735
Carrier_RPMI	SPI1	2	0.03461484032265673
Carrier_RPMI	SPIB	2	0.09522147271097692
Carrier_RPMI	ETV6	2	-0.1625265342704844
Carrier_RPMI	CEBPB	3	0.5250153309118354
Carrier_RPMI	FOS	3	0.22451059012217553
Carrier_RPMI	FOSL2	3	0.10690126892777961
Carrier_RPMI	GATA2	3	0.14888438133874238
Carrier_RPMI	GATA3	3	-0.22009528751356194
Carrier_RPMI	JUN	3	0.7218170668427756
Carrier_RPMI	JUND	3	0.03906788056040379
Carrier_RPMI	MAX	3	-0.487466389924053
Carrier_RPMI	MEF2A	3	-0.0036511156186612576
Carrier_RPMI	MYC	3	0.569960847209774
Carrier_RPMI	NFIC	3	0.06720128307939054
Carrier_RPMI	PBX3	3	-0.40321713288362654
Carrier_RPMI	TCF12	3	0.156111137317798
Carrier_RPMI	SPI1	3	0.04457757441388744
Carrier_RPMI	SPIB	3	0.07008821170809944
Carrier_RPMI	ETV6	3	-0.18082928440020754
Carrier_RPMI	CEBPB	4	0.513599698098967
Carrier_RPMI	FOS	4	0.22269918392376997
Carrier_RPMI	FOSL2	4	0.06871078824472852
Carrier_RPMI	GATA2	4	0.1438652766639936
Carrier_RPMI	GATA3	4	-0.22196330015566773
Carrier_RPMI	JUN	4	0.7010236331902449
Carrier_RPMI	JUND	4	0.02731260908533421
Carrier_RPMI	MAX	4	-0.4726166328600406
Carrier_RPMI	MEF2A	4	0.00982121798198028
Carrier_RPMI	MYC	4	0.5654889381574603
Carrier_RPMI	NFIC	4	0.08254162932213782
Carrier_RPMI	PBX3	4	-0.39393367611679797
Carrier_RPMI	TCF12	4	0.16279069767441862
Carrier_RPMI	SPI1	4	0.04108684371904335
Carrier_RPMI	SPIB	4	0.06710693900655691
Carrier_RPMI	ETV6	4	-0.16165856880041513
Carrier_RPMI	CEBPB	5	0.5324119062219915
Carrier_RPMI	FOS	5	0.23432237369687248
Carrier_RPMI	FOSL2	5	0.09510825982357658
Carrier_RPMI	GATA2	5	0.15188452285485163
Carrier_RPMI	GATA3	5	-0.23209585357799895
Carrier_RPMI	JUN	5	0.7112693994999764
Carrier_RPMI	JUND	5	0.0347469220246238
Carrier_RPMI	MAX	5	-0.48682485022878436
Carrier_RPMI	MEF2A	5	-0.014161045332326998
Carrier_RPMI	MYC	5	0.583055804519081
Carrier_RPMI	NFIC	5	0.07078635784706824
Carrier_RPMI	PBX3	5	-0.4023680362281239
Carrier_RPMI	TCF12	5	0.16458323505825745
Carrier_RPMI	SPI1	5	0.04195480918911269
Carrier_RPMI	SPIB	5	0.07939053728949479
Carrier_RPMI	ETV6	5	-0.18430114628048494
Carrier_RPMI	CEBPB	6	0.5411481673663852
Carrier_RPMI	FOS	6	0.22475588471154295
Carrier_RPMI	FOSL2	6	0.09150431624133214
Carrier_RPMI	GATA2	6	0.156111137317798
Carrier_RPMI	GATA3	6	-0.22475588471154295
Carrier_RPMI	JUN	6	0.7120807585263456
Carrier_RPMI	JUND	6	0.04457757441388744
Carrier_RPMI	MAX	6	-0.4868625878579178
Carrier_RPMI	MEF2A	6	-0.011670361809519315
Carrier_RPMI	MYC	6	0.5938865040803811
Carrier_RPMI	NFIC	6	0.08442851077881032
Carrier_RPMI	PBX3	6	-0.41023633190244824
Carrier_RPMI	TCF12	6	0.16230010849568374
Carrier_RPMI	SPI1	6	0.051596773432709096
Carrier_RPMI	SPIB	6	0.08591914712958158
Carrier_RPMI	ETV6	6	-0.17507429595735646
Carrier_RPMI	CEBPB	7	0.5235246945610642
Carrier_RPMI	FOS	7	0.2372470399547148
Carrier_RPMI	FOSL2	7	0.09342893532713807
Carrier_RPMI	GATA2	7	0.1431293928958913
Carrier_RPMI	GATA3	7	-0.21894428982499173
Carrier_RPMI	JUN	7	0.7084013396858342
Carrier_RPMI	JUND	7	0.020708523986980518
Carrier_RPMI	MAX	7	-0.5018821642530309
Carrier_RPMI	MEF2A	7	-0.031444879475446955
Carrier_RPMI	MYC	7	0.5834331808104155
Carrier_RPMI	NFIC	7	0.0645973866691825
Carrier_RPMI	PBX3	7	-0.41304778527289027
Carrier_RPMI	TCF12	7	0.17456483796405492
Carrier_RPMI	SPI1	7	0.02831265625737063
Carrier_RPMI	SPIB	7	0.06978631067503184
Carrier_RPMI	ETV6	7	-0.20115099768857023
Carrier_RPMI	CEBPB	8	0.5336572479833954
Carrier_RPMI	FOS	8	0.26575781876503607
Carrier_RPMI	FOSL2	8	0.08097551771309966
Carrier_RPMI	GATA2	8	0.13207226755979054
Carrier_RPMI	GATA3	8	-0.2532666635218642
Carrier_RPMI	JUN	8	0.7010991084485116
Carrier_RPMI	JUND	8	0.02472758148969291
Carrier_RPMI	MAX	8	-0.4949761781216095
Carrier_RPMI	MEF2A	8	0.01293457238548988
Carrier_RPMI	MYC	8	0.5666965422897307
Carrier_RPMI	NFIC	8	0.10575027123920941
Carrier_RPMI	PBX3	8	-0.3808575876220576
Carrier_RPMI	TCF12	8	0.1721496296995141
Carrier_RPMI	SPI1	8	0.07571111844898343
Carrier_RPMI	SPIB	8	0.06752205292702486
Carrier_RPMI	ETV6	8	-0.1578659370725034
Carrier_RPMI	CEBPB	9	0.519147129581584
Carrier_RPMI	FOS	9	0.22226520118873533
Carrier_RPMI	FOSL2	9	0.07876786640879287
Carrier_RPMI	GATA2	9	0.1529977829142884
Carrier_RPMI	GATA3	9	-0.21905750271239208
Carrier_RPMI	JUN	9	0.7067974904476626
Carrier_RPMI	JUND	9	0.019802820887777725
Carrier_RPMI	MAX	9	-0.4827680550969385
Carrier_RPMI	MEF2A	9	-0.013406292749658004
Carrier_RPMI	MYC	9	0.585320062267088
Carrier_RPMI	NFIC	9	0.057464974762960516
Carrier_RPMI	PBX3	9	-0.40433039294306333
Carrier_RPMI	TCF12	9	0.15001651021274587
Carrier_RPMI	SPI1	9	0.03212415679984904
Carrier_RPMI	SPIB	9	0.0870701448181518
Carrier_RPMI	ETV6	9	-0.19375442237841406
Carrier_RPMI	CEBPB	10	0.5185244587008822
Carrier_RPMI	FOS	10	0.21964243596396052
Carrier_RPMI	FOSL2	10	0.09837256474361998
Carrier_RPMI	GATA2	10	0.1536959290532572
Carrier_RPMI	GATA3	10	-0.23820934949761782
Carrier_RPMI	JUN	10	0.7022123685079485
Carrier_RPMI	JUND	10	0.030350488230576914
Carrier_RPMI	MAX	10	-0.4865606868248502
Carrier_RPMI	MEF2A	10	-0.0006509741025520072
Carrier_RPMI	MYC	10	0.568790980706637
Carrier_RPMI	NFIC	10	0.07791876975329023
Carrier_RPMI	PBX3	10	-0.3853106278598047
Carrier_RPMI	TCF12	10	0.17201754799754704
Carrier_RPMI	SPI1	10	0.045388933440256615
Carrier_RPMI	SPIB	10	0.09365536110193876
Carrier_RPMI	ETV6	10	-0.17696117741402895
Carrier_RPMI	CEBPB	11	0.5196754563894523
Carrier_RPMI	FOS	11	0.23786971083541675
Carrier_RPMI	FOSL2	11	0.09229680645313457
Carrier_RPMI	GATA2	11	0.13267606962592574
Carrier_RPMI	GATA3	11	-0.2616821548186235
Carrier_RPMI	JUN	11	0.700457568753243
Carrier_RPMI	JUND	11	0.03182225576678145
Carrier_RPMI	MAX	11	-0.4792961932166611
Carrier_RPMI	MEF2A	11	0.007802254823340723
Carrier_RPMI	MYC	11	0.5642435963960564
Carrier_RPMI	NFIC	11	0.07822067078635785
Carrier_RPMI	PBX3	11	-0.387763573753479
Carrier_RPMI	TCF12	11	0.17099863201094387
Carrier_RPMI	SPI1	11	0.07159771687343743
Carrier_RPMI	SPIB	11	0.0655030897683853
Carrier_RPMI	ETV6	11	-0.16054530874097833
Carrier_RPMI	CEBPB	12	0.5273361951035426
Carrier_RPMI	FOS	12	0.22552950610877873
Carrier_RPMI	FOSL2	12	0.1162979385820086
Carrier_RPMI	GATA2	12	0.1655832822302939
Carrier_RPMI	GATA3	12	-0.23922826548422096
Carrier_RPMI	JUN	12	0.7100429265531393
Carrier_RPMI	JUND	12	0.04091702438794283
Carrier_RPMI	MAX	12	-0.4899948110759941
Carrier_RPMI	MEF2A	12	-0.0019151846785225718
Carrier_RPMI	MYC	12	0.568451342044436
Carrier_RPMI	NFIC	12	0.0617859332987405
Carrier_RPMI	PBX3	12	-0.3999150903344497
Carrier_RPMI	TCF12	12	0.1441860465116279
Carrier_RPMI	SPI1	12	0.06001226472946836
Carrier_RPMI	SPIB	12	0.07331477899900939
Carrier_RPMI	ETV6	12	-0.17188546629558
Carrier_RPMI	CEBPB	13	0.5163545450257088
Carrier_RPMI	FOS	13	0.24436058304637007
Carrier_RPMI	FOSL2	13	0.08080569838199915
Carrier_RPMI	GATA2	13	0.14377093259115994
Carrier_RPMI	GATA3	13	-0.2158875418651823
Carrier_RPMI	JUN	13	0.700665125713477
Carrier_RPMI	JUND	13	0.04857776310203312
Carrier_RPMI	MAX	13	-0.4712958158403699
Carrier_RPMI	MEF2A	13	0.007802254823340723
Carrier_RPMI	MYC	13	0.5650360866078589
Carrier_RPMI	NFIC	13	0.06510684466248408
Carrier_RPMI	PBX3	13	-0.38232935515826216
Carrier_RPMI	TCF12	13	0.16333789329685364
Carrier_RPMI	SPI1	13	0.06372942119911316
Carrier_RPMI	SPIB	13	0.11309024010566536
Carrier_RPMI	ETV6	13	-0.16388508891928863
Carrier_RPMI	CEBPB	14	0.5249398556535686
Carrier_RPMI	FOS	14	0.2211519411292985
Carrier_RPMI	FOSL2	14	0.09852351526015378
Carrier_RPMI	GATA2	14	0.1562620878343318
Carrier_RPMI	GATA3	14	-0.24949290060851928
Carrier_RPMI	JUN	14	0.7051559035803575
Carrier_RPMI	JUND	14	0.015840369828765508
Carrier_RPMI	MAX	14	-0.48644747393744986
Carrier_RPMI	MEF2A	14	-0.03204868154158214
Carrier_RPMI	MYC	14	0.5894712014717675
Carrier_RPMI	NFIC	14	0.07342799188640972
Carrier_RPMI	PBX3	14	-0.40246238030095755
Carrier_RPMI	TCF12	14	0.18865984244539835
Carrier_RPMI	SPI1	14	0.04755884711542997
Carrier_RPMI	SPIB	14	0.06667295627152224
Carrier_RPMI	ETV6	14	-0.17892353412896833
Carrier_RPMI	CEBPB	15	0.5237699891504316
Carrier_RPMI	FOS	15	0.24536063021840648
Carrier_RPMI	FOSL2	15	0.11529789140997217
Carrier_RPMI	GATA2	15	0.13375159205622908
Carrier_RPMI	GATA3	15	-0.2321335912071324
Carrier_RPMI	JUN	15	0.7010613708193784
Carrier_RPMI	JUND	15	0.054728996650785414
Carrier_RPMI	MAX	15	-0.4895608283409595
Carrier_RPMI	MEF2A	15	0.011896787584320017
Carrier_RPMI	MYC	15	0.5654889381574603
Carrier_RPMI	NFIC	15	0.10480683051087315
Carrier_RPMI	PBX3	15	-0.3815368649464597
Carrier_RPMI	TCF12	15	0.1850558988631539
Carrier_RPMI	SPI1	15	0.06965422897306477
Carrier_RPMI	SPIB	15	0.05671022218029152
Carrier_RPMI	ETV6	15	-0.15650738242369922
Carrier_RPMI	CEBPB	16	0.5148073022312374
Carrier_RPMI	FOS	16	0.23513373272324165
Carrier_RPMI	FOSL2	16	0.06710693900655691
Carrier_RPMI	GATA2	16	0.1622435020519836
Carrier_RPMI	GATA3	16	-0.2283598282937874
Carrier_RPMI	JUN	16	0.7010613708193784
Carrier_RPMI	JUND	16	0.048294730883532234
Carrier_RPMI	MAX	16	-0.47350346714467667
Carrier_RPMI	MEF2A	16	0.009877824425680456
Carrier_RPMI	MYC	16	0.566941836879098
Carrier_RPMI	NFIC	16	0.08159818859380158
Carrier_RPMI	PBX3	16	-0.3815368649464597
Carrier_RPMI	TCF12	16	0.1486579555639417
Carrier_RPMI	SPI1	16	0.05435162035945092
Carrier_RPMI	SPIB	16	0.09899523562432189
Carrier_RPMI	ETV6	16	-0.16577197037596114
Carrier_RPMI	CEBPB	17	0.5241851030708995
Carrier_RPMI	FOS	17	0.21535921505731404
Carrier_RPMI	FOSL2	17	0.07950375017689514
Carrier_RPMI	GATA2	17	0.1636964007736214
Carrier_RPMI	GATA3	17	-0.2186046511627907
Carrier_RPMI	JUN	17	0.7093259115996038
Carrier_RPMI	JUND	17	0.020463229397613095
Carrier_RPMI	MAX	17	-0.49622151988301333
Carrier_RPMI	MEF2A	17	-0.03169017406481438
Carrier_RPMI	MYC	17	0.5861880277371574
Carrier_RPMI	NFIC	17	0.05929524977593282
Carrier_RPMI	PBX3	17	-0.40151893957262136
Carrier_RPMI	TCF12	17	0.15667720175479977
Carrier_RPMI	SPI1	17	0.029331572243973772
Carrier_RPMI	SPIB	17	0.07293740270767489
Carrier_RPMI	ETV6	17	-0.19284871927921127
Carrier_RPMI	CEBPB	18	0.5163545450257088
Carrier_RPMI	FOS	18	0.22841643473748757
Carrier_RPMI	FOSL2	18	0.10275012972310013
Carrier_RPMI	GATA2	18	0.146922024623803
Carrier_RPMI	GATA3	18	-0.22834095947922073
Carrier_RPMI	JUN	18	0.7132694938440491
Carrier_RPMI	JUND	18	0.009726873909146656
Carrier_RPMI	MAX	18	-0.48769281569885364
Carrier_RPMI	MEF2A	18	-0.0318599933959149
Carrier_RPMI	MYC	18	0.5765083258644276
Carrier_RPMI	NFIC	18	0.049747629605170055
Carrier_RPMI	PBX3	18	-0.39046181423652054
Carrier_RPMI	TCF12	18	0.13958205575734706
Carrier_RPMI	SPI1	18	0.028991933581772728
Carrier_RPMI	SPIB	18	0.09116467757913109
Carrier_RPMI	ETV6	18	-0.2025095523373744
Carrier_RPMI	CEBPB	19	0.5319401858578235
Carrier_RPMI	FOS	19	0.23147318269729703
Carrier_RPMI	FOSL2	19	0.09291947733383651
Carrier_RPMI	GATA2	19	0.15722439737723476
Carrier_RPMI	GATA3	19	-0.22973725175715837
Carrier_RPMI	JUN	19	0.7150054247841879
Carrier_RPMI	JUND	19	0.030293881786876736
Carrier_RPMI	MAX	19	-0.49797631963771877
Carrier_RPMI	MEF2A	19	-0.016727204113401575
Carrier_RPMI	MYC	19	0.5892825133261003
Carrier_RPMI	NFIC	19	0.07420161328364545
Carrier_RPMI	PBX3	19	-0.40072644936081886
Carrier_RPMI	TCF12	19	0.16499834897872542
Carrier_RPMI	SPI1	19	0.04159630171234492
Carrier_RPMI	SPIB	19	0.07863578470682579
Carrier_RPMI	ETV6	19	-0.18081041558564082
Carrier_RPMI	CEBPB	20	0.5122600122647294
Carrier_RPMI	FOS	20	0.2201141563281287
Carrier_RPMI	FOSL2	20	0.06103118071607152
Carrier_RPMI	GATA2	20	0.13671399594320485
Carrier_RPMI	GATA3	20	-0.2652483607717345
Carrier_RPMI	JUN	20	0.6994952592103401
Carrier_RPMI	JUND	20	0.005273833671399594
Carrier_RPMI	MAX	20	-0.47099391480730224
Carrier_RPMI	MEF2A	20	0.0014623331289211755
Carrier_RPMI	MYC	20	0.5651681683098259
Carrier_RPMI	NFIC	20	0.0471248643803953
Carrier_RPMI	PBX3	20	-0.3792160007547526
Carrier_RPMI	TCF12	20	0.13809141940657577
Carrier_RPMI	SPI1	20	0.02402943535072409
Carrier_RPMI	SPIB	20	0.10676918722581251
Carrier_RPMI	ETV6	20	-0.16696070569366478
Carrier_RPMI	CEBPB	21	0.5179961318930137
Carrier_RPMI	FOS	21	0.2197556488513609
Carrier_RPMI	FOSL2	21	0.09352327939997168
Carrier_RPMI	GATA2	21	0.1575640360394358
Carrier_RPMI	GATA3	21	-0.21405726685221002
Carrier_RPMI	JUN	21	0.7019859427331478
Carrier_RPMI	JUND	21	0.030501438747110705
Carrier_RPMI	MAX	21	-0.4774470493891221
Carrier_RPMI	MEF2A	21	-0.032105287985282324
Carrier_RPMI	MYC	21	0.5669984433227981
Carrier_RPMI	NFIC	21	0.06895608283409595
Carrier_RPMI	PBX3	21	-0.41585923864333224
Carrier_RPMI	TCF12	21	0.1685456861172697
Carrier_RPMI	SPI1	21	0.024708712675126185
Carrier_RPMI	SPIB	21	0.09163639794329921
Carrier_RPMI	ETV6	21	-0.2060946271050521
Carrier_RPMI	CEBPB	22	0.5282796358318788
Carrier_RPMI	FOS	22	0.23164300202839758
Carrier_RPMI	FOSL2	22	0.09478748997594226
Carrier_RPMI	GATA2	22	0.15350724090758996
Carrier_RPMI	GATA3	22	-0.22935987546582384
Carrier_RPMI	JUN	22	0.7140997216849851
Carrier_RPMI	JUND	22	0.035331855276192266
Carrier_RPMI	MAX	22	-0.4870324071890184
Carrier_RPMI	MEF2A	22	-0.01619887730553328
Carrier_RPMI	MYC	22	0.5831124109627812
Carrier_RPMI	NFIC	22	0.07427708854191235
Carrier_RPMI	PBX3	22	-0.39949997641398177
Carrier_RPMI	TCF12	22	0.16943252040190576
Carrier_RPMI	SPI1	22	0.044766262559554695
Carrier_RPMI	SPIB	22	0.08223972828907022
Carrier_RPMI	ETV6	22	-0.1830558045190811
Carrier_RPMI	CEBPB	23	0.5333742157648945
Carrier_RPMI	FOS	23	0.22824661540638708
Carrier_RPMI	FOSL2	23	0.0937497051747724
Carrier_RPMI	GATA2	23	0.15112977027218263
Carrier_RPMI	GATA3	23	-0.23119015047879615
Carrier_RPMI	JUN	23	0.7124015283739799
Carrier_RPMI	JUND	23	0.03242605783291665
Carrier_RPMI	MAX	23	-0.48673050615595076
Carrier_RPMI	MEF2A	23	-0.014821453842162364
Carrier_RPMI	MYC	23	0.5832822302938817
Carrier_RPMI	NFIC	23	0.07478654653521391
Carrier_RPMI	PBX3	23	-0.40266993726119155
Carrier_RPMI	TCF12	23	0.16458323505825745
Carrier_RPMI	SPI1	23	0.0468984386055946
Carrier_RPMI	SPIB	23	0.08105099297136656
Carrier_RPMI	ETV6	23	-0.18562196330015565
Carrier_RPMI	CEBPB	24	0.5289023067125808
Carrier_RPMI	FOS	24	0.23909618378225386
Carrier_RPMI	FOSL2	24	0.08999481107599415
Carrier_RPMI	GATA2	24	0.1453370442001981
Carrier_RPMI	GATA3	24	-0.23479409406104065
Carrier_RPMI	JUN	24	0.7097410255200716
Carrier_RPMI	JUND	24	0.025255908297561205
Carrier_RPMI	MAX	24	-0.5084862493513845
Carrier_RPMI	MEF2A	24	-0.018255578093306288
Carrier_RPMI	MYC	24	0.5811689230624086
Carrier_RPMI	NFIC	24	0.07254115760177365
Carrier_RPMI	PBX3	24	-0.40121703853955376
Carrier_RPMI	TCF12	24	0.17313080805698383
Carrier_RPMI	SPI1	24	0.03650172177932921
Carrier_RPMI	SPIB	24	0.08614557290438227
Carrier_RPMI	ETV6	24	-0.17973489315533753
Carrier_RPMI	CEBPB	25	0.5324873814802585
Carrier_RPMI	FOS	25	0.21788763620925514
Carrier_RPMI	FOSL2	25	0.10327845653096844
Carrier_RPMI	GATA2	25	0.16058304637011178
Carrier_RPMI	GATA3	25	-0.25362517099863197
Carrier_RPMI	JUN	25	0.705193641209491
Carrier_RPMI	JUND	25	0.04989858012170385
Carrier_RPMI	MAX	25	-0.5084862493513845
Carrier_RPMI	MEF2A	25	-0.01842539742440681
Carrier_RPMI	MYC	25	0.5741119864144534
Carrier_RPMI	NFIC	25	0.07765460634935609
Carrier_RPMI	PBX3	25	-0.393178923534129
Carrier_RPMI	TCF12	25	0.17975376196990425
Carrier_RPMI	SPI1	25	0.052823246379546204
Carrier_RPMI	SPIB	25	0.0662012359073541
Carrier_RPMI	ETV6	25	-0.16556441341572717
Carrier_RPMI	CEBPB	26	0.528204160573612
Carrier_RPMI	FOS	26	0.23086938063116183
Carrier_RPMI	FOSL2	26	0.09248549459880183
Carrier_RPMI	GATA2	26	0.15322420868908912
Carrier_RPMI	GATA3	26	-0.22979385820085854
Carrier_RPMI	JUN	26	0.7139110335393178
Carrier_RPMI	JUND	26	0.03606773904429454
Carrier_RPMI	MAX	26	-0.4913533657247983
Carrier_RPMI	MEF2A	26	-0.011670361809519315
Carrier_RPMI	MYC	26	0.5883956790414642
Carrier_RPMI	NFIC	26	0.07478654653521391
Carrier_RPMI	PBX3	26	-0.40366998443322794
Carrier_RPMI	TCF12	26	0.16645124770036324
Carrier_RPMI	SPI1	26	0.04204915326194632
Carrier_RPMI	SPIB	26	0.0839567904146422
Carrier_RPMI	ETV6	26	-0.1863955846973914
Carrier_RPMI	CEBPB	27	0.5260342468984387
Carrier_RPMI	FOS	27	0.22366149346667294
Carrier_RPMI	FOSL2	27	0.09207038067833388
Carrier_RPMI	GATA2	27	0.15743195433746876
Carrier_RPMI	GATA3	27	-0.2304542667106939
Carrier_RPMI	JUN	27	0.7120996273409123
Carrier_RPMI	JUND	27	0.025067220151893957
Carrier_RPMI	MAX	27	-0.4873720458512194
Carrier_RPMI	MEF2A	27	-0.01938770696730978
Carrier_RPMI	MYC	27	0.5753761969904241
Carrier_RPMI	NFIC	27	0.06857870654276145
Carrier_RPMI	PBX3	27	-0.4043681305721968
Carrier_RPMI	TCF12	27	0.15862068965517243
Carrier_RPMI	SPI1	27	0.033124203971885466
Carrier_RPMI	SPIB	27	0.09373083636020567
Carrier_RPMI	ETV6	27	-0.19030142931270344
Carrier_RPMI	CEBPB	28	0.5321100051889239
Carrier_RPMI	FOS	28	0.2455681871786405
Carrier_RPMI	FOSL2	28	0.09708948535308269
Carrier_RPMI	GATA2	28	0.17075333742157647
Carrier_RPMI	GATA3	28	-0.2487004103967168
Carrier_RPMI	JUN	28	0.7160054719562243
Carrier_RPMI	JUND	28	0.05055898863153922
Carrier_RPMI	MAX	28	-0.512977027218265
Carrier_RPMI	MEF2A	28	-0.008141893485541769
Carrier_RPMI	MYC	28	0.5827539034860134
Carrier_RPMI	NFIC	28	0.08705127600358506
Carrier_RPMI	PBX3	28	-0.3884994575215812
Carrier_RPMI	TCF12	28	0.1597716873437426
Carrier_RPMI	SPI1	28	0.05070993914807302
Carrier_RPMI	SPIB	28	0.09625925751214678
Carrier_RPMI	ETV6	28	-0.17196094155384686
Carrier_RPMI	CEBPB	29	0.5227888107929618
Carrier_RPMI	FOS	29	0.22152931742063303
Carrier_RPMI	FOSL2	29	0.0872965705929525
Carrier_RPMI	GATA2	29	0.16016793244964384
Carrier_RPMI	GATA3	29	-0.2201330251426954
Carrier_RPMI	JUN	29	0.7043822821831218
Carrier_RPMI	JUND	29	0.020368885324779467
Carrier_RPMI	MAX	29	-0.48607009764611536
Carrier_RPMI	MEF2A	29	-0.026029529694796924
Carrier_RPMI	MYC	29	0.5832822302938817
Carrier_RPMI	NFIC	29	0.06118213123260532
Carrier_RPMI	PBX3	29	-0.42140667012594935
Carrier_RPMI	TCF12	29	0.17954620500967025
Carrier_RPMI	SPI1	29	0.030124062455776215
Carrier_RPMI	SPIB	29	0.08999481107599415
Carrier_RPMI	ETV6	29	-0.19330157082881266
Carrier_RPMI	CEBPB	30	0.5449219302797301
Carrier_RPMI	FOS	30	0.24683239775461105
Carrier_RPMI	FOSL2	30	0.10812774187461674
Carrier_RPMI	GATA2	30	0.1391103353931789
Carrier_RPMI	GATA3	30	-0.23526581442520875
Carrier_RPMI	JUN	30	0.7146280484928533
Carrier_RPMI	JUND	30	0.045634228029624045
Carrier_RPMI	MAX	30	-0.48822114250672194
Carrier_RPMI	MEF2A	30	-0.0005188924005849332
Carrier_RPMI	MYC	30	0.5718288598518797
Carrier_RPMI	NFIC	30	0.09031558092362847
Carrier_RPMI	PBX3	30	-0.3882730317467805
Carrier_RPMI	TCF12	30	0.15675267701306664
Carrier_RPMI	SPI1	30	0.05452143969055144
Carrier_RPMI	SPIB	30	0.07135242228407
Carrier_RPMI	ETV6	30	-0.166809755177131
Carrier_RPMI	CEBPB	31	0.5399783008632483
Carrier_RPMI	FOS	31	0.22985046464455872
Carrier_RPMI	FOSL2	31	0.08712675126185197
Carrier_RPMI	GATA2	31	0.15220529270248598
Carrier_RPMI	GATA3	31	-0.22488796641351005
Carrier_RPMI	JUN	31	0.7074578989574979
Carrier_RPMI	JUND	31	0.04457757441388744
Carrier_RPMI	MAX	31	-0.48584367187131466
Carrier_RPMI	MEF2A	31	-0.010123119015047878
Carrier_RPMI	MYC	31	0.5938298976366809
Carrier_RPMI	NFIC	31	0.07731496768715505
Carrier_RPMI	PBX3	31	-0.3951035426199349
Carrier_RPMI	TCF12	31	0.17911222227463558
Carrier_RPMI	SPI1	31	0.04342657672531723
Carrier_RPMI	SPIB	31	0.08591914712958158
Carrier_RPMI	ETV6	31	-0.17507429595735646
Carrier_RPMI	CEBPB	32	0.529166470116515
Carrier_RPMI	FOS	32	0.22602009528751352
Carrier_RPMI	FOSL2	32	0.08835322420868909
Carrier_RPMI	GATA2	32	0.1569224963441672
Carrier_RPMI	GATA3	32	-0.2296806453134582
Carrier_RPMI	JUN	32	0.7087221095334685
Carrier_RPMI	JUND	32	0.03263361479315062
Carrier_RPMI	MAX	32	-0.48782489740082075
Carrier_RPMI	MEF2A	32	-0.011840181140619839
Carrier_RPMI	MYC	32	0.5754705410632577
Carrier_RPMI	NFIC	32	0.072107174866739
Carrier_RPMI	PBX3	32	-0.39840558516911173
Carrier_RPMI	TCF12	32	0.16665880466059718
Carrier_RPMI	SPI1	32	0.037407424878532006
Carrier_RPMI	SPIB	32	0.08452285485164393
Carrier_RPMI	ETV6	32	-0.18198028208877776
Carrier_RPMI	CEBPB	33	0.5296759281098165
Carrier_RPMI	FOS	33	0.22828435303552055
Carrier_RPMI	FOSL2	33	0.09673097787631492
Carrier_RPMI	GATA2	33	0.14741261380253784
Carrier_RPMI	GATA3	33	-0.22473701589697628
Carrier_RPMI	JUN	33	0.7087409783480352
Carrier_RPMI	JUND	33	0.033935562998254634
Carrier_RPMI	MAX	33	-0.48607009764611536
Carrier_RPMI	MEF2A	33	-0.0199349025897448
Carrier_RPMI	MYC	33	0.5890749563658664
Carrier_RPMI	NFIC	33	0.06871078824472852
Carrier_RPMI	PBX3	33	-0.4137081937827256
Carrier_RPMI	TCF12	33	0.16128119250908063
Carrier_RPMI	SPI1	33	0.035539412236426246
Carrier_RPMI	SPIB	33	0.0794094061040615
Carrier_RPMI	ETV6	33	-0.19016934761073634
Carrier_RPMI	CEBPB	34	0.5303363366196518
Carrier_RPMI	FOS	34	0.22803905844615313
Carrier_RPMI	FOSL2	34	0.09961790650502382
Carrier_RPMI	GATA2	34	0.15154488419265058
Carrier_RPMI	GATA3	34	-0.2323600169819331
Carrier_RPMI	JUN	34	0.710458040473607
Carrier_RPMI	JUND	34	0.0380867022029341
Carrier_RPMI	MAX	34	-0.49101372706259727
Carrier_RPMI	MEF2A	34	-0.014217651776027173
Carrier_RPMI	MYC	34	0.5848106042737865
Carrier_RPMI	NFIC	34	0.07795650738242368
Carrier_RPMI	PBX3	34	-0.4044436058304637
Carrier_RPMI	TCF12	34	0.16554554460116044
Carrier_RPMI	SPI1	34	0.04278503703004859
Carrier_RPMI	SPIB	34	0.08527760743431294
Carrier_RPMI	ETV6	34	-0.19030142931270344
Carrier_RPMI	CEBPB	35	0.5269588188122081
Carrier_RPMI	FOS	35	0.22775602622765226
Carrier_RPMI	FOSL2	35	0.09408934383697344
Carrier_RPMI	GATA2	35	0.1498089532525119
Carrier_RPMI	GATA3	35	-0.2306240860417944
Carrier_RPMI	JUN	35	0.7083069956130005
Carrier_RPMI	JUND	35	0.030293881786876736
Carrier_RPMI	MAX	35	-0.48688145667248456
Carrier_RPMI	MEF2A	35	-0.018161234020472664
Carrier_RPMI	MYC	35	0.575451672248691
Carrier_RPMI	NFIC	35	0.07397518750884476
Carrier_RPMI	PBX3	35	-0.4031982640690598
Carrier_RPMI	TCF12	35	0.16796075286570122
Carrier_RPMI	SPI1	35	0.043558658427284305
Carrier_RPMI	SPIB	35	0.08461719892447755
Carrier_RPMI	ETV6	35	-0.18477286664465303
Carrier_RPMI	CEBPB	36	0.5437520637765932
Carrier_RPMI	FOS	36	0.24354922402000093
Carrier_RPMI	FOSL2	36	0.10088211708099439
Carrier_RPMI	GATA2	36	0.16169630642954855
Carrier_RPMI	GATA3	36	-0.22349167413557242
Carrier_RPMI	JUN	36	0.7234020472663805
Carrier_RPMI	JUND	36	0.03925656870607104
Carrier_RPMI	MAX	36	-0.49482522760507563
Carrier_RPMI	MEF2A	36	-0.003236001698193311
Carrier_RPMI	MYC	36	0.5851691117505543
Carrier_RPMI	NFIC	36	0.0895042218972593
Carrier_RPMI	PBX3	36	-0.39000896268691915
Carrier_RPMI	TCF12	36	0.18077267795650737
Carrier_RPMI	SPI1	36	0.0521439690551441
Carrier_RPMI	SPIB	36	0.07274871456200764
Carrier_RPMI	ETV6	36	-0.17592339261285908
Carrier_RPMI	CEBPB	37	0.5296947969243831
Carrier_RPMI	FOS	37	0.22162366149346668
Carrier_RPMI	FOSL2	37	0.09612717581017972
Carrier_RPMI	GATA2	37	0.16954573328930608
Carrier_RPMI	GATA3	37	-0.21647247511675077
Carrier_RPMI	JUN	37	0.7081560450964667
Carrier_RPMI	JUND	37	0.03655832822302939
Carrier_RPMI	MAX	37	-0.48525873861974617
Carrier_RPMI	MEF2A	37	-0.011217510259917919
Carrier_RPMI	MYC	37	0.5842822774659182
Carrier_RPMI	NFIC	37	0.06450304259634888
Carrier_RPMI	PBX3	37	-0.4123307703193546
Carrier_RPMI	TCF12	37	0.15111090145761594
Carrier_RPMI	SPI1	37	0.03442615217698948
Carrier_RPMI	SPIB	37	0.06616349827822067
Carrier_RPMI	ETV6	37	-0.1965092693051559
Carrier_RPMI	CEBPB	38	0.5374687485258738
Carrier_RPMI	FOS	38	0.2280956648898533
Carrier_RPMI	FOSL2	38	0.11207132411906222
Carrier_RPMI	GATA2	38	0.16913061936883816
Carrier_RPMI	GATA3	38	-0.2174913911033539
Carrier_RPMI	JUN	38	0.7135147884334166
Carrier_RPMI	JUND	38	0.05435162035945092
Carrier_RPMI	MAX	38	-0.4934100665125713
Carrier_RPMI	MEF2A	38	-0.04229444785131374
Carrier_RPMI	MYC	38	0.5744704938912213
Carrier_RPMI	NFIC	38	0.06118213123260532
Carrier_RPMI	PBX3	38	-0.4128968347563564
Carrier_RPMI	TCF12	38	0.1539223548280579
Carrier_RPMI	SPI1	38	0.046841832161894435
Carrier_RPMI	SPIB	38	0.09331572243973772
Carrier_RPMI	ETV6	38	-0.19418840511344876
Carrier_RPMI	CEBPB	39	0.5333930845794612
Carrier_RPMI	FOS	39	0.2333411953394028
Carrier_RPMI	FOSL2	39	0.10220293410066512
Carrier_RPMI	GATA2	39	0.1457144204915326
Carrier_RPMI	GATA3	39	-0.22375583753950656
Carrier_RPMI	JUN	39	0.718703712439266
Carrier_RPMI	JUND	39	0.04050191046747489
Carrier_RPMI	MAX	39	-0.48561724609651397
Carrier_RPMI	MEF2A	39	-0.012557196094155383
Carrier_RPMI	MYC	39	0.5810745789895749
Carrier_RPMI	NFIC	39	0.07042785037030048
Carrier_RPMI	PBX3	39	-0.40572668522100097
Carrier_RPMI	TCF12	39	0.161734044058682
Carrier_RPMI	SPI1	39	0.04391716590405208
Carrier_RPMI	SPIB	39	0.08163592622293504
Carrier_RPMI	ETV6	39	-0.17811217510259916
Carrier_RPMI	CEBPB	40	0.5282796358318788
Carrier_RPMI	FOS	40	0.23164300202839758
Carrier_RPMI	FOSL2	40	0.09274965800273596
Carrier_RPMI	GATA2	40	0.15486579555639418
Carrier_RPMI	GATA3	40	-0.23005802160479266
Carrier_RPMI	JUN	40	0.7104203028444738
Carrier_RPMI	JUND	40	0.03518090475965847
Carrier_RPMI	MAX	40	-0.49148544742676537
Carrier_RPMI	MEF2A	40	-0.010783527524883247
Carrier_RPMI	MYC	40	0.5887919241473654
Carrier_RPMI	NFIC	40	0.07497523468088117
Carrier_RPMI	PBX3	40	-0.3993301570828813
Carrier_RPMI	TCF12	40	0.16641351007122976
Carrier_RPMI	SPI1	40	0.04199254681824614
Carrier_RPMI	SPIB	40	0.08257936695127129
Carrier_RPMI	ETV6	40	-0.18156516816830984
Carrier_RPMI	CEBPB	41	0.5297325345535167
Carrier_RPMI	FOS	41	0.20673616680032075
Carrier_RPMI	FOSL2	41	0.08518326336147931
Carrier_RPMI	GATA2	41	0.14037454596914947
Carrier_RPMI	GATA3	41	-0.2178687673946884
Carrier_RPMI	JUN	41	0.7056653615736592
Carrier_RPMI	JUND	41	0.04470965611585452
Carrier_RPMI	MAX	41	-0.4773715741308552
Carrier_RPMI	MEF2A	41	-0.035765838011226944
Carrier_RPMI	MYC	41	0.5864521911410915
Carrier_RPMI	NFIC	41	0.054483702061417984
Carrier_RPMI	PBX3	41	-0.4095947922071796
Carrier_RPMI	TCF12	41	0.16343223736968726
Carrier_RPMI	SPI1	41	0.02644464361526487
Carrier_RPMI	SPIB	41	0.07433369498561251
Carrier_RPMI	ETV6	41	-0.19167885277607433
Carrier_RPMI	CEBPB	42	0.5429973111939242
Carrier_RPMI	FOS	42	0.24564366243690738
Carrier_RPMI	FOSL2	42	0.09716496061134958
Carrier_RPMI	GATA2	42	0.1418085758762206
Carrier_RPMI	GATA3	42	-0.23120901929336288
Carrier_RPMI	JUN	42	0.710684466248408
Carrier_RPMI	JUND	42	0.037011179772630784
Carrier_RPMI	MAX	42	-0.4805037973489315
Carrier_RPMI	MEF2A	42	-0.01912354356337563
Carrier_RPMI	MYC	42	0.592244917213076
Carrier_RPMI	NFIC	42	0.06948440964196424
Carrier_RPMI	PBX3	42	-0.3921222699183924
Carrier_RPMI	TCF12	42	0.1549790084437945
Carrier_RPMI	SPI1	42	0.04921930279730176
Carrier_RPMI	SPIB	42	0.06886173876126232
Carrier_RPMI	ETV6	42	-0.1813387423935091
Carrier_RPMI	CEBPB	43	0.5205622906740883
Carrier_RPMI	FOS	43	0.2114345016274352
Carrier_RPMI	FOSL2	43	0.12956271522241614
Carrier_RPMI	GATA2	43	0.14048775885654982
Carrier_RPMI	GATA3	43	-0.2158120666069154
Carrier_RPMI	JUN	43	0.701967073918581
Carrier_RPMI	JUND	43	0.058785791782631255
Carrier_RPMI	MAX	43	-0.4849568375866786
Carrier_RPMI	MEF2A	43	-0.046238030095759226
Carrier_RPMI	MYC	43	0.5639039577338553
Carrier_RPMI	NFIC	43	0.05486107835275248
Carrier_RPMI	PBX3	43	-0.4294259163168074
Carrier_RPMI	TCF12	43	0.14954478984857775
Carrier_RPMI	SPI1	43	0.023312420397188546
Carrier_RPMI	SPIB	43	0.062144440775508285
Carrier_RPMI	ETV6	43	-0.21249115524317186
Carrier_RPMI	CEBPB	44	0.5422425586112551
Carrier_RPMI	FOS	44	0.2284919099957545
Carrier_RPMI	FOSL2	44	0.1030142931270343
Carrier_RPMI	GATA2	44	0.1460729279683004
Carrier_RPMI	GATA3	44	-0.22888815510165575
Carrier_RPMI	JUN	44	0.7221944431341101
Carrier_RPMI	JUND	44	0.04891740176423416
Carrier_RPMI	MAX	44	-0.48640973630831635
Carrier_RPMI	MEF2A	44	-0.015840369828765508
Carrier_RPMI	MYC	44	0.5830935421482145
Carrier_RPMI	NFIC	44	0.07999433935562997
Carrier_RPMI	PBX3	44	-0.41453842162366145
Carrier_RPMI	TCF12	44	0.16805509693853482
Carrier_RPMI	SPI1	44	0.051294872399641485
Carrier_RPMI	SPIB	44	0.08835322420868909
Carrier_RPMI	ETV6	44	-0.18428227746591816
Carrier_RPMI	CEBPB	45	0.5391669418368791
Carrier_RPMI	FOS	45	0.23613377989527806
Carrier_RPMI	FOSL2	45	0.098919760366055
Carrier_RPMI	GATA2	45	0.1599037690457097
Carrier_RPMI	GATA3	45	-0.23179395254493135
Carrier_RPMI	JUN	45	0.7167036180951932
Carrier_RPMI	JUND	45	0.03582244445492712
Carrier_RPMI	MAX	45	-0.4924288881551016
Carrier_RPMI	MEF2A	45	-0.009632529836313033
Carrier_RPMI	MYC	45	0.575451672248691
Carrier_RPMI	NFIC	45	0.0800132081701967
Carrier_RPMI	PBX3	45	-0.39619793386480495
Carrier_RPMI	TCF12	45	0.1653757252700599
Carrier_RPMI	SPI1	45	0.04833246851266569
Carrier_RPMI	SPIB	45	0.07705080428322089
Carrier_RPMI	ETV6	45	-0.17811217510259916
Carrier_RPMI	CEBPB	46	0.5183357705552148
Carrier_RPMI	FOS	46	0.21530260861361386
Carrier_RPMI	FOSL2	46	0.08648521156658333
Carrier_RPMI	GATA2	46	0.14863908674937495
Carrier_RPMI	GATA3	46	-0.2180574555403557
Carrier_RPMI	JUN	46	0.7021180244351147
Carrier_RPMI	JUND	46	0.03904901174583707
Carrier_RPMI	MAX	46	-0.4814661068918345
Carrier_RPMI	MEF2A	46	-0.030067456012076037
Carrier_RPMI	MYC	46	0.568790980706637
Carrier_RPMI	NFIC	46	0.057464974762960516
Carrier_RPMI	PBX3	46	-0.406821076465871
Carrier_RPMI	TCF12	46	0.18954667673003442
Carrier_RPMI	SPI1	46	0.025557809330628803
Carrier_RPMI	SPIB	46	0.1047690928817397
Carrier_RPMI	ETV6	46	-0.1904523798292372
Carrier_RPMI	CEBPB	47	0.539997169677815
Carrier_RPMI	FOS	47	0.23624699278267844
Carrier_RPMI	FOSL2	47	0.0749941034954479
Carrier_RPMI	GATA2	47	0.13207226755979054
Carrier_RPMI	GATA3	47	-0.22066135195056372
Carrier_RPMI	JUN	47	0.715609226850323
Carrier_RPMI	JUND	47	0.01055710175008255
Carrier_RPMI	MAX	47	-0.5081277418746167
Carrier_RPMI	MEF2A	47	-0.006009717439501863
Carrier_RPMI	MYC	47	0.5833577055521486
Carrier_RPMI	NFIC	47	0.07739044294542195
Carrier_RPMI	PBX3	47	-0.3997830086324826
Carrier_RPMI	TCF12	47	0.14494079909429688
Carrier_RPMI	SPI1	47	0.05501202886928628
Carrier_RPMI	SPIB	47	0.08895702627482428
Carrier_RPMI	ETV6	47	-0.16760224538893345
Carrier_RPMI	CEBPB	48	0.5374498797113072
Carrier_RPMI	FOS	48	0.23673758196141326
Carrier_RPMI	FOSL2	48	0.10578800886834283
Carrier_RPMI	GATA2	48	0.1440350959950941
Carrier_RPMI	GATA3	48	-0.22652955328081514
Carrier_RPMI	JUN	48	0.7133261002877493
Carrier_RPMI	JUND	48	0.03723760554743148
Carrier_RPMI	MAX	48	-0.48829661776498884
Carrier_RPMI	MEF2A	48	-0.01748195669607057
Carrier_RPMI	MYC	48	0.5738100853813859
Carrier_RPMI	NFIC	48	0.06757865937072503
Carrier_RPMI	PBX3	48	-0.40768904193594036
Carrier_RPMI	TCF12	48	0.1636397943299212
Carrier_RPMI	SPI1	48	0.03765271946789943
Carrier_RPMI	SPIB	48	0.07155997924430398
Carrier_RPMI	ETV6	48	-0.18673522335959244
Carrier_RPMI	CEBPB	49	0.5381668946648427
Carrier_RPMI	FOS	49	0.22928440020755697
Carrier_RPMI	FOSL2	49	0.08876833812915703
Carrier_RPMI	GATA2	49	0.15650738242369922
Carrier_RPMI	GATA3	49	-0.23536015849804234
Carrier_RPMI	JUN	49	0.7079296193216661
Carrier_RPMI	JUND	49	0.0285202132176046
Carrier_RPMI	MAX	49	-0.48640973630831635
Carrier_RPMI	MEF2A	49	-0.008670220293410066
Carrier_RPMI	MYC	49	0.5756403603943582
Carrier_RPMI	NFIC	49	0.08140950044813434
Carrier_RPMI	PBX3	49	-0.39682060474550684
Carrier_RPMI	TCF12	49	0.15950752393980847
Carrier_RPMI	SPI1	49	0.04961554790320298
Carrier_RPMI	SPIB	49	0.07663569036275296
Carrier_RPMI	ETV6	49	-0.17537619699042406
Carrier_RPMI	CEBPB	50	0.5338459361290627
Carrier_RPMI	FOS	50	0.23147318269729703
Carrier_RPMI	FOSL2	50	0.09248549459880183
Carrier_RPMI	GATA2	50	0.15331855276192272
Carrier_RPMI	GATA3	50	-0.2302467097504599
Carrier_RPMI	JUN	50	0.7088730600500024
Carrier_RPMI	JUND	50	0.03476579083919053
Carrier_RPMI	MAX	50	-0.48935327138072554
Carrier_RPMI	MEF2A	50	-0.015179961318930136
Carrier_RPMI	MYC	50	0.585395537525355
Carrier_RPMI	NFIC	50	0.07286192744940799
Carrier_RPMI	PBX3	50	-0.40327373932732674
Carrier_RPMI	TCF12	50	0.16792301523656777
Carrier_RPMI	SPI1	50	0.04316241332138308
Carrier_RPMI	SPIB	50	0.08127741874616726
Carrier_RPMI	ETV6	50	-0.18324449266474832
Carrier_RPMI	CEBPB	51	0.5223359592433605
Carrier_RPMI	FOS	51	0.20901929336289443
Carrier_RPMI	FOSL2	51	0.08557950846738054
Carrier_RPMI	GATA2	51	0.17075333742157647
Carrier_RPMI	GATA3	51	-0.21100051889240057
Carrier_RPMI	JUN	51	0.705193641209491
Carrier_RPMI	JUND	51	0.01780272654370489
Carrier_RPMI	MAX	51	-0.4790131609981603
Carrier_RPMI	MEF2A	51	-0.017670644841737818
Carrier_RPMI	MYC	51	0.5740553799707534
Carrier_RPMI	NFIC	51	0.05833294023302985
Carrier_RPMI	PBX3	51	-0.4048587197509317
Carrier_RPMI	TCF12	51	0.1584697391386386
Carrier_RPMI	SPI1	51	0.030708995707344686
Carrier_RPMI	SPIB	51	0.08588140950044813
Carrier_RPMI	ETV6	51	-0.19167885277607433
Carrier_RPMI	CEBPB	52	0.5309590075003537
Carrier_RPMI	FOS	52	0.22532194914854475
Carrier_RPMI	FOSL2	52	0.09163639794329921
Carrier_RPMI	GATA2	52	0.15892259068824002
Carrier_RPMI	GATA3	52	-0.22585027595641302
Carrier_RPMI	JUN	52	0.7127977734798812
Carrier_RPMI	JUND	52	0.0410491060899099
Carrier_RPMI	MAX	52	-0.4877116845134204
Carrier_RPMI	MEF2A	52	-0.010802396339449972
Carrier_RPMI	MYC	52	0.5824142648238124
Carrier_RPMI	NFIC	52	0.079032029812727
Carrier_RPMI	PBX3	52	-0.4019717911222227
Carrier_RPMI	TCF12	52	0.16662106703146373
Carrier_RPMI	SPI1	52	0.0468984386055946
Carrier_RPMI	SPIB	52	0.08686258785791781
Carrier_RPMI	ETV6	52	-0.17964054908250388
Carrier_RPMI	CEBPB	53	0.524015283739799
Carrier_RPMI	FOS	53	0.22934100665125712
Carrier_RPMI	FOSL2	53	0.10003302042549175
Carrier_RPMI	GATA2	53	0.15716779093353458
Carrier_RPMI	GATA3	53	-0.23277513090240104
Carrier_RPMI	JUN	53	0.7081560450964667
Carrier_RPMI	JUND	53	0.03925656870607104
Carrier_RPMI	MAX	53	-0.5065804990801454
Carrier_RPMI	MEF2A	53	-0.01927449407990943
Carrier_RPMI	MYC	53	0.5960752865701212
Carrier_RPMI	NFIC	53	0.07837162130289164
Carrier_RPMI	PBX3	53	-0.39453747818293317
Carrier_RPMI	TCF12	53	0.17822538798999954
Carrier_RPMI	SPI1	53	0.04221897259304684
Carrier_RPMI	SPIB	53	0.07793763856785697
Carrier_RPMI	ETV6	53	-0.18860323600169818
Carrier_RPMI	CEBPB	54	0.5230152365677627
Carrier_RPMI	FOS	54	0.22169913675173353
Carrier_RPMI	FOSL2	54	0.08665503089768385
Carrier_RPMI	GATA2	54	0.14307278645219113
Carrier_RPMI	GATA3	54	-0.2389829708948535
Carrier_RPMI	JUN	54	0.7081371762819001
Carrier_RPMI	JUND	54	0.021557620642483136
Carrier_RPMI	MAX	54	-0.48190008962686914
Carrier_RPMI	MEF2A	54	-0.03127506014434643
Carrier_RPMI	MYC	54	0.5796216802679371
Carrier_RPMI	NFIC	54	0.06320109439124487
Carrier_RPMI	PBX3	54	-0.4171423180338695
Carrier_RPMI	TCF12	54	0.17562149157979148
Carrier_RPMI	SPI1	54	0.028954195952639268
Carrier_RPMI	SPIB	54	0.088221142506722
Carrier_RPMI	ETV6	54	-0.19547148450398605
Carrier_RPMI	CEBPB	55	0.5315250719373554
Carrier_RPMI	FOS	55	0.21873673286475778
Carrier_RPMI	FOSL2	55	0.08503231284494552
Carrier_RPMI	GATA2	55	0.15746969196660218
Carrier_RPMI	GATA3	55	-0.22130289164583233
Carrier_RPMI	JUN	55	0.7166658804660596
Carrier_RPMI	JUND	55	0.022897306476720596
Carrier_RPMI	MAX	55	-0.4815038445209679
Carrier_RPMI	MEF2A	55	-0.0008962686919194301
Carrier_RPMI	MYC	55	0.5838860323600169
Carrier_RPMI	NFIC	55	0.07167319213170432
Carrier_RPMI	PBX3	55	-0.4055757347044672
Carrier_RPMI	TCF12	55	0.1848860795320534
Carrier_RPMI	SPI1	55	0.03859616019623567
Carrier_RPMI	SPIB	55	0.09769328741921789
Carrier_RPMI	ETV6	55	-0.18928251332610027
Carrier_RPMI	CEBPB	56	0.5286004056795132
Carrier_RPMI	FOS	56	0.22973725175715837
Carrier_RPMI	FOSL2	56	0.09444785131374121
Carrier_RPMI	GATA2	56	0.15335629039105617
Carrier_RPMI	GATA3	56	-0.22864286051228833
Carrier_RPMI	JUN	56	0.7110618425397424
Carrier_RPMI	JUND	56	0.03582244445492712
Carrier_RPMI	MAX	56	-0.48612670408981556
Carrier_RPMI	MEF2A	56	-0.015481862351997734
Carrier_RPMI	MYC	56	0.584980423604887
Carrier_RPMI	NFIC	56	0.07252228878720694
Carrier_RPMI	PBX3	56	-0.4024435114863908
Carrier_RPMI	TCF12	56	0.16580970800509456
Carrier_RPMI	SPI1	56	0.041841596301712344
Carrier_RPMI	SPIB	56	0.08352280767960753
Carrier_RPMI	ETV6	56	-0.1845653096844191
Carrier_RPMI	CEBPB	57	0.5222416151705269
Carrier_RPMI	FOS	57	0.21215151658097078
Carrier_RPMI	FOSL2	57	0.07572998726355017
Carrier_RPMI	GATA2	57	0.1578659370725034
Carrier_RPMI	GATA3	57	-0.2295296947969244
Carrier_RPMI	JUN	57	0.7075522430303316
Carrier_RPMI	JUND	57	0.023142601066088023
Carrier_RPMI	MAX	57	-0.4800320769847634
Carrier_RPMI	MEF2A	57	-0.022708618331053348
Carrier_RPMI	MYC	57	0.5894900702863343
Carrier_RPMI	NFIC	57	0.059672626067267316
Carrier_RPMI	PBX3	57	-0.4159347139015991
Carrier_RPMI	TCF12	57	0.15773385537053633
Carrier_RPMI	SPI1	57	0.026633331760932116
Carrier_RPMI	SPIB	57	0.09505165337987641
Carrier_RPMI	ETV6	57	-0.20500023586018207
Carrier_RPMI	CEBPB	58	0.5479975470541063
Carrier_RPMI	FOS	58	0.21803858672578894
Carrier_RPMI	FOSL2	58	0.10429737251757158
Carrier_RPMI	GATA2	58	0.1407707910750507
Carrier_RPMI	GATA3	58	-0.2525119109391952
Carrier_RPMI	JUN	58	0.7225718194254446
Carrier_RPMI	JUND	58	0.03967168262653899
Carrier_RPMI	MAX	58	-0.49148544742676537
Carrier_RPMI	MEF2A	58	0.001764234161988773
Carrier_RPMI	MYC	58	0.582301051936412
Carrier_RPMI	NFIC	58	0.0678616915892259
Carrier_RPMI	PBX3	58	-0.4087079579225435
Carrier_RPMI	TCF12	58	0.15701684041700079
Carrier_RPMI	SPI1	58	0.04627576772489268
Carrier_RPMI	SPIB	58	0.08267371102410491
Carrier_RPMI	ETV6	58	-0.1884522854851644
Carrier_RPMI	CEBPB	59	0.5323364309637247
Carrier_RPMI	FOS	59	0.2182461436860229
Carrier_RPMI	FOSL2	59	0.08401339685834236
Carrier_RPMI	GATA2	59	0.16158309354214823
Carrier_RPMI	GATA3	59	-0.24492664748337187
Carrier_RPMI	JUN	59	0.7144204915326196
Carrier_RPMI	JUND	59	0.04935138449926883
Carrier_RPMI	MAX	59	-0.4772583612434549
Carrier_RPMI	MEF2A	59	-0.01568941931223171
Carrier_RPMI	MYC	59	0.5728855134676164
Carrier_RPMI	NFIC	59	0.09912731732628896
Carrier_RPMI	PBX3	59	-0.386933345912543
Carrier_RPMI	TCF12	59	0.19475446955045048
Carrier_RPMI	SPI1	59	0.0644464361526487
Carrier_RPMI	SPIB	59	0.07733383650172178
Carrier_RPMI	ETV6	59	-0.16016793244964384
Carrier_RPMI	CEBPB	60	0.5175055427142791
Carrier_RPMI	FOS	60	0.23458653710080662
Carrier_RPMI	FOSL2	60	0.09708948535308269
Carrier_RPMI	GATA2	60	0.18213123260531158
Carrier_RPMI	GATA3	60	-0.2073022312373225
Carrier_RPMI	JUN	60	0.7038539553752535
Carrier_RPMI	JUND	60	0.03640737770649559
Carrier_RPMI	MAX	60	-0.4872399641492523
Carrier_RPMI	MEF2A	60	-0.04214349733477994
Carrier_RPMI	MYC	60	0.5892259068824001
Carrier_RPMI	NFIC	60	0.06118213123260532
Carrier_RPMI	PBX3	60	-0.40619840558516906
Carrier_RPMI	TCF12	60	0.17028161705740835
Carrier_RPMI	SPI1	60	0.02644464361526487
Carrier_RPMI	SPIB	60	0.09361762347280532
Carrier_RPMI	ETV6	60	-0.19405632341148166
Carrier_RPMI	CEBPB	61	0.5291476013019482
Carrier_RPMI	FOS	61	0.2272843058634841
Carrier_RPMI	FOSL2	61	0.0955045049294778
Carrier_RPMI	GATA2	61	0.14705410632577007
Carrier_RPMI	GATA3	61	-0.2334921458559366
Carrier_RPMI	JUN	61	0.7153261946318222
Carrier_RPMI	JUND	61	0.04086041794424265
Carrier_RPMI	MAX	61	-0.48695693193075146
Carrier_RPMI	MEF2A	61	-0.01031180716071513
Carrier_RPMI	MYC	61	0.5816029057974432
Carrier_RPMI	NFIC	61	0.06738997122505777
Carrier_RPMI	PBX3	61	-0.40199065993678945
Carrier_RPMI	TCF12	61	0.1683381291570357
Carrier_RPMI	SPI1	61	0.040973630831643
Carrier_RPMI	SPIB	61	0.08554177083824709
Carrier_RPMI	ETV6	61	-0.18318788622104815
Carrier_RPMI	CEBPB	62	0.530525024765319
Carrier_RPMI	FOS	62	0.21396292277937637
Carrier_RPMI	FOSL2	62	0.0836548893815746
Carrier_RPMI	GATA2	62	0.16733808198499928
Carrier_RPMI	GATA3	62	-0.24132270390112742
Carrier_RPMI	JUN	62	0.7073069484409641
Carrier_RPMI	JUND	62	0.03936978159347139
Carrier_RPMI	MAX	62	-0.4801075522430303
Carrier_RPMI	MEF2A	62	-0.012406245577621584
Carrier_RPMI	MYC	62	0.5750554271427898
Carrier_RPMI	NFIC	62	0.07312609085334214
Carrier_RPMI	PBX3	62	-0.395235624321902
Carrier_RPMI	TCF12	62	0.16465871031652432
Carrier_RPMI	SPI1	62	0.04046417283834143
Carrier_RPMI	SPIB	62	0.09356101702910515
Carrier_RPMI	ETV6	62	-0.18215010141987825
Carrier_RPMI	CEBPB	63	0.5214491249587244
Carrier_RPMI	FOS	63	0.22798245200245296
Carrier_RPMI	FOSL2	63	0.10820321713288363
Carrier_RPMI	GATA2	63	0.16228123968111705
Carrier_RPMI	GATA3	63	-0.24454927119203734
Carrier_RPMI	JUN	63	0.7050049530638237
Carrier_RPMI	JUND	63	0.047105995565828576
Carrier_RPMI	MAX	63	-0.48133402518986745
Carrier_RPMI	MEF2A	63	-0.017236662106703146
Carrier_RPMI	MYC	63	0.5686777678192367
Carrier_RPMI	NFIC	63	0.08948535308269258
Carrier_RPMI	PBX3	63	-0.38804660597197976
Carrier_RPMI	TCF12	63	0.1729043822821831
Carrier_RPMI	SPI1	63	0.0532006226708807
Carrier_RPMI	SPIB	63	0.08859851879805651
Carrier_RPMI	ETV6	63	-0.1711495825274777
Carrier_RPMI	CEBPB	64	0.5550922213311948
Carrier_RPMI	FOS	64	0.2372470399547148
Carrier_RPMI	FOSL2	64	0.09920279258455587
Carrier_RPMI	GATA2	64	0.16141327421104767
Carrier_RPMI	GATA3	64	-0.21222699183923768
Carrier_RPMI	JUN	64	0.7064201141563281
Carrier_RPMI	JUND	64	0.03684136044153025
Carrier_RPMI	MAX	64	-0.4986933345912543
Carrier_RPMI	MEF2A	64	0.0076324354922402
Carrier_RPMI	MYC	64	0.578470682579367
Carrier_RPMI	NFIC	64	0.07259776404547384
Carrier_RPMI	PBX3	64	-0.40638709373083637
Carrier_RPMI	TCF12	64	0.14399735836596067
Carrier_RPMI	SPI1	64	0.06001226472946836
Carrier_RPMI	SPIB	64	0.05686117269682532
Carrier_RPMI	ETV6	64	-0.18394263880371717
Carrier_RPMI	CEBPB	65	0.5288645690834474
Carrier_RPMI	FOS	65	0.2324354922402
Carrier_RPMI	FOSL2	65	0.09337232888343791
Carrier_RPMI	GATA2	65	0.15526204066229538
Carrier_RPMI	GATA3	65	-0.22785037030048585
Carrier_RPMI	JUN	65	0.711910939195245
Carrier_RPMI	JUND	65	0.0319354686541818
Carrier_RPMI	MAX	65	-0.4880324543610548
Carrier_RPMI	MEF2A	65	-0.014991273173262891
Carrier_RPMI	MYC	65	0.5809424972876078
Carrier_RPMI	NFIC	65	0.07412613802537855
Carrier_RPMI	PBX3	65	-0.4015944148308882
Carrier_RPMI	TCF12	65	0.16541346289919337
Carrier_RPMI	SPI1	65	0.04278503703004859
Carrier_RPMI	SPIB	65	0.08316430020283976
Carrier_RPMI	ETV6	65	-0.1845275720552856
Carrier_RPMI	CEBPB	66	0.5178074437473466
Carrier_RPMI	FOS	66	0.21360441530260862
Carrier_RPMI	FOSL2	66	0.07331477899900939
Carrier_RPMI	GATA2	66	0.17565922920892493
Carrier_RPMI	GATA3	66	-0.21839709420255668
Carrier_RPMI	JUN	66	0.7032690221236851
Carrier_RPMI	JUND	66	0.013085522902023678
Carrier_RPMI	MAX	66	-0.4796358318788622
Carrier_RPMI	MEF2A	66	-0.022689749516486626
Carrier_RPMI	MYC	66	0.5672626067267323
Carrier_RPMI	NFIC	66	0.06544648332468513
Carrier_RPMI	PBX3	66	-0.3932921364215293
Carrier_RPMI	TCF12	66	0.1644700221708571
Carrier_RPMI	SPI1	66	0.024425680456625312
Carrier_RPMI	SPIB	66	0.1074295957356479
Carrier_RPMI	ETV6	66	-0.18182933157224399
Carrier_RPMI	CEBPB	67	0.5362611443936035
Carrier_RPMI	FOS	67	0.22754846926741826
Carrier_RPMI	FOSL2	67	0.098919760366055
Carrier_RPMI	GATA2	67	0.15409217415915846
Carrier_RPMI	GATA3	67	-0.23060521722722768
Carrier_RPMI	JUN	67	0.7204207745648379
Carrier_RPMI	JUND	67	0.03442615217698948
Carrier_RPMI	MAX	67	-0.4965234209160809
Carrier_RPMI	MEF2A	67	-0.01846313505354026
Carrier_RPMI	MYC	67	0.5826784282277465
Carrier_RPMI	NFIC	67	0.07282418982027454
Carrier_RPMI	PBX3	67	-0.4071229774989386
Carrier_RPMI	TCF12	67	0.1674324260578329
Carrier_RPMI	SPI1	67	0.04395490353318553
Carrier_RPMI	SPIB	67	0.07644700221708571
Carrier_RPMI	ETV6	67	-0.18660314165762534
Carrier_RPMI	CEBPB	68	0.5251096749846691
Carrier_RPMI	FOS	68	0.22477475352610973
Carrier_RPMI	FOSL2	68	0.09933487428652295
Carrier_RPMI	GATA2	68	0.14614840322656728
Carrier_RPMI	GATA3	68	-0.22358601820840604
Carrier_RPMI	JUN	68	0.7091183546393698
Carrier_RPMI	JUND	68	0.03295438464078494
Carrier_RPMI	MAX	68	-0.4965234209160809
Carrier_RPMI	MEF2A	68	-0.02355771498655597
Carrier_RPMI	MYC	68	0.5832256238501815
Carrier_RPMI	NFIC	68	0.0660314165762536
Carrier_RPMI	PBX3	68	-0.40661351950563707
Carrier_RPMI	TCF12	68	0.17747063540733052
Carrier_RPMI	SPI1	68	0.03419972640218878
Carrier_RPMI	SPIB	68	0.08131515637530072
Carrier_RPMI	ETV6	68	-0.1838294259163168
Carrier_RPMI	CEBPB	69	0.5362422755790367
Carrier_RPMI	FOS	69	0.21600075475258268
Carrier_RPMI	FOSL2	69	0.10995801688758905
Carrier_RPMI	GATA2	69	0.15303552054342187
Carrier_RPMI	GATA3	69	-0.21879333930845793
Carrier_RPMI	JUN	69	0.7060238690504268
Carrier_RPMI	JUND	69	0.059012217557431954
Carrier_RPMI	MAX	69	-0.4792961932166611
Carrier_RPMI	MEF2A	69	-0.006538044247370158
Carrier_RPMI	MYC	69	0.569206094627105
Carrier_RPMI	NFIC	69	0.09782536912118496
Carrier_RPMI	PBX3	69	-0.393178923534129
Carrier_RPMI	TCF12	69	0.18367847539978296
Carrier_RPMI	SPI1	69	0.058785791782631255
Carrier_RPMI	SPIB	69	0.08937214019529223
Carrier_RPMI	ETV6	69	-0.17750837303646397
Carrier_RPMI	CEBPB	70	0.5307137129109863
Carrier_RPMI	FOS	70	0.22964290768432472
Carrier_RPMI	FOSL2	70	0.09401386857870654
Carrier_RPMI	GATA2	70	0.1543752063776593
Carrier_RPMI	GATA3	70	-0.23034105382329356
Carrier_RPMI	JUN	70	0.7107788103212417
Carrier_RPMI	JUND	70	0.03582244445492712
Carrier_RPMI	MAX	70	-0.4915043162413321
Carrier_RPMI	MEF2A	70	-0.014368602292560968
Carrier_RPMI	MYC	70	0.5832822302938817
Carrier_RPMI	NFIC	70	0.07322043492617575
Carrier_RPMI	PBX3	70	-0.4051606207839992
Carrier_RPMI	TCF12	70	0.16554554460116044
Carrier_RPMI	SPI1	70	0.04186046511627906
Carrier_RPMI	SPIB	70	0.08235294117647057
Carrier_RPMI	ETV6	70	-0.18503703004858718
Carrier_RPMI	CEBPB	71	0.5259965092693051
Carrier_RPMI	FOS	71	0.22152931742063303
Carrier_RPMI	FOSL2	71	0.08718335770555213
Carrier_RPMI	GATA2	71	0.16005471956224349
Carrier_RPMI	GATA3	71	-0.21926505967262608
Carrier_RPMI	JUN	71	0.7100995329968395
Carrier_RPMI	JUND	71	0.02974668616444172
Carrier_RPMI	MAX	71	-0.48280579272607194
Carrier_RPMI	MEF2A	71	-0.029142884098306527
Carrier_RPMI	MYC	71	0.5860559460351903
Carrier_RPMI	NFIC	71	0.0661823670927874
Carrier_RPMI	PBX3	71	-0.40334921458559364
Carrier_RPMI	TCF12	71	0.17582904854002548
Carrier_RPMI	SPI1	71	0.031558092362847304
Carrier_RPMI	SPIB	71	0.07589980659465069
Carrier_RPMI	ETV6	71	-0.19081088730600498
Carrier_RPMI	CEBPB	72	0.5512052455304496
Carrier_RPMI	FOS	72	0.21069861785933297
Carrier_RPMI	FOSL2	72	0.11176942308599462
Carrier_RPMI	GATA2	72	0.13143072786452192
Carrier_RPMI	GATA3	72	-0.24949290060851928
Carrier_RPMI	JUN	72	0.7211755271475069
Carrier_RPMI	JUND	72	0.06369168356997972
Carrier_RPMI	MAX	72	-0.485070050474079
Carrier_RPMI	MEF2A	72	-0.007028633426105004
Carrier_RPMI	MYC	72	0.5777536676258315
Carrier_RPMI	NFIC	72	0.09729704231331665
Carrier_RPMI	PBX3	72	-0.395235624321902
Carrier_RPMI	TCF12	72	0.1810368413604415
Carrier_RPMI	SPI1	72	0.07216378131043917
Carrier_RPMI	SPIB	72	0.0912590216519647
Carrier_RPMI	ETV6	72	-0.16458323505825745
Carrier_RPMI	CEBPB	73	0.5276947025803104
Carrier_RPMI	FOS	73	0.2271899617906505
Carrier_RPMI	FOSL2	73	0.09427803198264068
Carrier_RPMI	GATA2	73	0.15320533987452237
Carrier_RPMI	GATA3	73	-0.22858625406858815
Carrier_RPMI	JUN	73	0.7130619368838151
Carrier_RPMI	JUND	73	0.03236945138921647
Carrier_RPMI	MAX	73	-0.48908910797679134
Carrier_RPMI	MEF2A	73	-0.015255436577197036
Carrier_RPMI	MYC	73	0.5807915467710741
Carrier_RPMI	NFIC	73	0.07369215529034388
Carrier_RPMI	PBX3	73	-0.40289636303599224
Carrier_RPMI	TCF12	73	0.1672814755412991
Carrier_RPMI	SPI1	73	0.04206802207651304
Carrier_RPMI	SPIB	73	0.08184348318316902
Carrier_RPMI	ETV6	73	-0.18373508184348317
Carrier_RPMI	CEBPB	74	0.522298221614227
Carrier_RPMI	FOS	74	0.23119015047879615
Carrier_RPMI	FOSL2	74	0.08322090664653993
Carrier_RPMI	GATA2	74	0.15343176564932307
Carrier_RPMI	GATA3	74	-0.23909618378225386
Carrier_RPMI	JUN	74	0.7151563753007217
Carrier_RPMI	JUND	74	0.021595358271616585
Carrier_RPMI	MAX	74	-0.485070050474079
Carrier_RPMI	MEF2A	74	-0.0008962686919194301
Carrier_RPMI	MYC	74	0.5853389310816548
Carrier_RPMI	NFIC	74	0.0739374498797113
Carrier_RPMI	PBX3	74	-0.39440539648096606
Carrier_RPMI	TCF12	74	0.15773385537053633
Carrier_RPMI	SPI1	74	0.040369828765507806
Carrier_RPMI	SPIB	74	0.08899476390395772
Carrier_RPMI	ETV6	74	-0.17999905655927168
Carrier_RPMI	CEBPB	75	0.5323364309637247
Carrier_RPMI	FOS	75	0.21992546818246145
Carrier_RPMI	FOSL2	75	0.09635360158498042
Carrier_RPMI	GATA2	75	0.18479173545921979
Carrier_RPMI	GATA3	75	-0.21058540497193265
Carrier_RPMI	JUN	75	0.7079484881362328
Carrier_RPMI	JUND	75	0.05418180102835039
Carrier_RPMI	MAX	75	-0.47593754422378415
Carrier_RPMI	MEF2A	75	-0.016613991226001226
Carrier_RPMI	MYC	75	0.5774328977781971
Carrier_RPMI	NFIC	75	0.07906976744186046
Carrier_RPMI	PBX3	75	-0.3955563941695363
Carrier_RPMI	TCF12	75	0.1564885136091325
Carrier_RPMI	SPI1	75	0.040709467427708854
Carrier_RPMI	SPIB	75	0.09482522760507571
Carrier_RPMI	ETV6	75	-0.19260342468984387
Carrier_RPMI	CEBPB	76	0.5205622906740883
Carrier_RPMI	FOS	76	0.2241143450162743
Carrier_RPMI	FOSL2	76	0.11176942308599462
Carrier_RPMI	GATA2	76	0.17403651115618662
Carrier_RPMI	GATA3	76	-0.20533987452238314
Carrier_RPMI	JUN	76	0.7139865087975849
Carrier_RPMI	JUND	76	0.045351195811123166
Carrier_RPMI	MAX	76	-0.4729751403368083
Carrier_RPMI	MEF2A	76	-0.03842634086513514
Carrier_RPMI	MYC	76	0.5844898344261521
Carrier_RPMI	NFIC	76	0.0596537572527006
Carrier_RPMI	PBX3	76	-0.4085004009623095
Carrier_RPMI	TCF12	76	0.19399971696778148
Carrier_RPMI	SPI1	76	0.035294117647058816
Carrier_RPMI	SPIB	76	0.0912590216519647
Carrier_RPMI	ETV6	76	-0.1975093164771923
Carrier_RPMI	CEBPB	77	0.5219397141374593
Carrier_RPMI	FOS	77	0.22360488702297276
Carrier_RPMI	FOSL2	77	0.10684466248407942
Carrier_RPMI	GATA2	77	0.14684654936553612
Carrier_RPMI	GATA3	77	-0.24688900419831122
Carrier_RPMI	JUN	77	0.7051370347657908
Carrier_RPMI	JUND	77	0.02363319024482287
Carrier_RPMI	MAX	77	-0.49482522760507563
Carrier_RPMI	MEF2A	77	-0.017708382470871267
Carrier_RPMI	MYC	77	0.569960847209774
Carrier_RPMI	NFIC	77	0.08725883296381905
Carrier_RPMI	PBX3	77	-0.39000896268691915
Carrier_RPMI	TCF12	77	0.17907448464550216
Carrier_RPMI	SPI1	77	0.036237558375395065
Carrier_RPMI	SPIB	77	0.09212698712203406
Carrier_RPMI	ETV6	77	-0.17033822350110853
Carrier_RPMI	CEBPB	78	0.5325817255530921
Carrier_RPMI	FOS	78	0.22124628520213216
Carrier_RPMI	FOSL2	78	0.08397565922920892
Carrier_RPMI	GATA2	78	0.14837492334544083
Carrier_RPMI	GATA3	78	-0.22375583753950656
Carrier_RPMI	JUN	78	0.7060238690504268
Carrier_RPMI	JUND	78	0.02819944336997028
Carrier_RPMI	MAX	78	-0.47656021510448604
Carrier_RPMI	MEF2A	78	-0.011349591961884993
Carrier_RPMI	MYC	78	0.574149724043587
Carrier_RPMI	NFIC	78	0.09165526675786594
Carrier_RPMI	PBX3	78	-0.3896315863955847
Carrier_RPMI	TCF12	78	0.17816878154629937
Carrier_RPMI	SPI1	78	0.060182084060568894
Carrier_RPMI	SPIB	78	0.08825888013585546
Carrier_RPMI	ETV6	78	-0.16379074484645503
Carrier_RPMI	CEBPB	79	0.5317514977121562
Carrier_RPMI	FOS	79	0.22754846926741826
Carrier_RPMI	FOSL2	79	0.09388178687673945
Carrier_RPMI	GATA2	79	0.15420538704655878
Carrier_RPMI	GATA3	79	-0.22803905844615313
Carrier_RPMI	JUN	79	0.7122317090428794
Carrier_RPMI	JUND	79	0.030935421482145384
Carrier_RPMI	MAX	79	-0.4868437190433511
Carrier_RPMI	MEF2A	79	-0.01506674843152979
Carrier_RPMI	MYC	79	0.5833199679230152
Carrier_RPMI	NFIC	79	0.06974857304589838
Carrier_RPMI	PBX3	79	-0.402707674890325
Carrier_RPMI	TCF12	79	0.16763998301806687
Carrier_RPMI	SPI1	79	0.04053964809660833
Carrier_RPMI	SPIB	79	0.08233407236190385
Carrier_RPMI	ETV6	79	-0.18471626020095286
Carrier_RPMI	CEBPB	80	0.5367328647577715
Carrier_RPMI	FOS	80	0.23769989150431625
Carrier_RPMI	FOSL2	80	0.09233454408226803
Carrier_RPMI	GATA2	80	0.1569224963441672
Carrier_RPMI	GATA3	80	-0.2181329307986226
Carrier_RPMI	JUN	80	0.7117033822350111
Carrier_RPMI	JUND	80	0.046747488089060804
Carrier_RPMI	MAX	80	-0.48148497570640125
Carrier_RPMI	MEF2A	80	-0.018217840464172838
Carrier_RPMI	MYC	80	0.5845464408698523
Carrier_RPMI	NFIC	80	0.06929572149629698
Carrier_RPMI	PBX3	80	-0.4159347139015991
Carrier_RPMI	TCF12	80	0.1702438794282749
Carrier_RPMI	SPI1	80	0.048294730883532234
Carrier_RPMI	SPIB	80	0.07284305863484125
Carrier_RPMI	ETV6	80	-0.1889240058493325
Carrier_RPMI	CEBPB	81	0.5433558186706919
Carrier_RPMI	FOS	81	0.22652955328081514
Carrier_RPMI	FOSL2	81	0.09525921034011038
Carrier_RPMI	GATA2	81	0.14614840322656728
Carrier_RPMI	GATA3	81	-0.24096419642435965
Carrier_RPMI	JUN	81	0.7157035709231567
Carrier_RPMI	JUND	81	0.041483088824944565
Carrier_RPMI	MAX	81	-0.4835794141233077
Carrier_RPMI	MEF2A	81	-0.008953252511910937
Carrier_RPMI	MYC	81	0.5833577055521486
Carrier_RPMI	NFIC	81	0.07614510118401811
Carrier_RPMI	PBX3	81	-0.40565120996273407
Carrier_RPMI	TCF12	81	0.16714939383933203
Carrier_RPMI	SPI1	81	0.048974008207934336
Carrier_RPMI	SPIB	81	0.07676777206472003
Carrier_RPMI	ETV6	81	-0.17816878154629937
Carrier_RPMI	CEBPB	82	0.5183923769989149
Carrier_RPMI	FOS	82	0.21626491815651683
Carrier_RPMI	FOSL2	82	0.07184301146280485
Carrier_RPMI	GATA2	82	0.16563988867399404
Carrier_RPMI	GATA3	82	-0.21400066040850985
Carrier_RPMI	JUN	82	0.7019859427331478
Carrier_RPMI	JUND	82	0.046124817208358884
Carrier_RPMI	MAX	82	-0.4774470493891221
Carrier_RPMI	MEF2A	82	-0.02450115571489221
Carrier_RPMI	MYC	82	0.5667531487334309
Carrier_RPMI	NFIC	82	0.07482428416434736
Carrier_RPMI	PBX3	82	-0.39087692815698855
Carrier_RPMI	TCF12	82	0.16533798764092644
Carrier_RPMI	SPI1	82	0.026029529694796924
Carrier_RPMI	SPIB	82	0.10365583282230292
Carrier_RPMI	ETV6	82	-0.1912826076701731
Carrier_RPMI	CEBPB	83	0.52977027218265
Carrier_RPMI	FOS	83	0.22052927024859664
Carrier_RPMI	FOSL2	83	0.10997688570215575
Carrier_RPMI	GATA2	83	0.1441671776970612
Carrier_RPMI	GATA3	83	-0.23441671776970613
Carrier_RPMI	JUN	83	0.7135147884334166
Carrier_RPMI	JUND	83	0.04086041794424265
Carrier_RPMI	MAX	83	-0.48135289400443415
Carrier_RPMI	MEF2A	83	-0.01506674843152979
Carrier_RPMI	MYC	83	0.5758101797254587
Carrier_RPMI	NFIC	83	0.07367328647577716
Carrier_RPMI	PBX3	83	-0.3988961743478466
Carrier_RPMI	TCF12	83	0.15775272418510308
Carrier_RPMI	SPI1	83	0.04701165149299495
Carrier_RPMI	SPIB	83	0.09229680645313457
Carrier_RPMI	ETV6	83	-0.17439501863295437
Carrier_RPMI	CEBPB	84	0.5300344355865843
Carrier_RPMI	FOS	84	0.24028491909995753
Carrier_RPMI	FOSL2	84	0.09882541629322138
Carrier_RPMI	GATA2	84	0.15545072880796262
Carrier_RPMI	GATA3	84	-0.22375583753950656
Carrier_RPMI	JUN	84	0.7177036652672296
Carrier_RPMI	JUND	84	0.035369592905325715
Carrier_RPMI	MAX	84	-0.4849757064012453
Carrier_RPMI	MEF2A	84	-0.012557196094155383
Carrier_RPMI	MYC	84	0.5818859380159441
Carrier_RPMI	NFIC	84	0.06746544648332467
Carrier_RPMI	PBX3	84	-0.40182084060568896
Carrier_RPMI	TCF12	84	0.16431907165432333
Carrier_RPMI	SPI1	84	0.040633992169441954
Carrier_RPMI	SPIB	84	0.07965470069342893
Carrier_RPMI	ETV6	84	-0.1858861267040898
Carrier_RPMI	CEBPB	85	0.5185244587008822
Carrier_RPMI	FOS	85	0.22443511486390869
Carrier_RPMI	FOSL2	85	0.07629605170055191
Carrier_RPMI	GATA2	85	0.17382895419595262
Carrier_RPMI	GATA3	85	-0.21492523232227934
Carrier_RPMI	JUN	85	0.7021180244351147
Carrier_RPMI	JUND	85	0.04086041794424265
Carrier_RPMI	MAX	85	-0.4802396339449974
Carrier_RPMI	MEF2A	85	-0.012500589650455208
Carrier_RPMI	MYC	85	0.5661682154818624
Carrier_RPMI	NFIC	85	0.05937072503419972
Carrier_RPMI	PBX3	85	-0.3921788763620926
Carrier_RPMI	TCF12	85	0.14811075994150666
Carrier_RPMI	SPI1	85	0.03419972640218878
Carrier_RPMI	SPIB	85	0.08888155101655737
Carrier_RPMI	ETV6	85	-0.17916882871833573
Carrier_RPMI	CEBPB	86	0.5292608141893486
Carrier_RPMI	FOS	86	0.2282654842209538
Carrier_RPMI	FOSL2	86	0.09363649228737204
Carrier_RPMI	GATA2	86	0.15486579555639418
Carrier_RPMI	GATA3	86	-0.22752960045285153
Carrier_RPMI	JUN	86	0.7101561394405396
Carrier_RPMI	JUND	86	0.030897683853011934
Carrier_RPMI	MAX	86	-0.4892211896787584
Carrier_RPMI	MEF2A	86	-0.017104580404736072
Carrier_RPMI	MYC	86	0.5825652153403462
Carrier_RPMI	NFIC	86	0.07306948440964195
Carrier_RPMI	PBX3	86	-0.4071229774989386
Carrier_RPMI	TCF12	86	0.1625265342704844
Carrier_RPMI	SPI1	86	0.040369828765507806
Carrier_RPMI	SPIB	86	0.07680550969385348
Carrier_RPMI	ETV6	86	-0.1842068022076513
REF_LPS	CEBPB	0	0.09770796064400718
REF_LPS	FOS	0	-0.009570661896243294
REF_LPS	FOSL2	0	-0.12604539355992847
REF_LPS	GATA2	0	-0.07464221824686942
REF_LPS	GATA3	0	-0.2102862254025045
REF_LPS	JUN	0	-0.14882043828264763
REF_LPS	JUND	0	-0.20264982110912347
REF_LPS	MAX	0	0.03778510733452595
REF_LPS	MEF2A	0	0.38212768336314856
REF_LPS	MYC	0	-0.1143951252236136
REF_LPS	NFIC	0	0.21615049194991057
REF_LPS	PBX3	0	0.07031529516994635
REF_LPS	TCF12	0	0.06806797853309482
REF_LPS	SPI1	0	0.1582457513416816
REF_LPS	SPIB	0	-0.08604651162790698
REF_LPS	ETV6	0	0.3784156976744187
REF_LPS	CEBPB	1	0.0902057245080501
REF_LPS	FOS	1	-0.0068369856887298755
REF_LPS	FOSL2	1	-0.126637969588551
REF_LPS	GATA2	1	-0.09644454382826477
REF_LPS	GATA3	1	-0.19950245974955283
REF_LPS	JUN	1	-0.13520796064400717
REF_LPS	JUND	1	-0.22138305008944545
REF_LPS	MAX	1	0.015569096601073348
REF_LPS	MEF2A	1	0.3789635509838999
REF_LPS	MYC	1	-0.1202593917710197
REF_LPS	NFIC	1	0.21305344364937392
REF_LPS	PBX3	1	0.08668940071556352
REF_LPS	TCF12	1	0.061538461538461556
REF_LPS	SPI1	1	0.1542654293381038
REF_LPS	SPIB	1	-0.10766435599284438
REF_LPS	ETV6	1	0.37519566189624337
REF_LPS	CEBPB	2	0.10017889087656531
REF_LPS	FOS	2	-0.006999105545617174
REF_LPS	FOSL2	2	-0.12483788014311273
REF_LPS	GATA2	2	-0.09430344364937389
REF_LPS	GATA3	2	-0.19694767441860467
REF_LPS	JUN	2	-0.13447562611806801
REF_LPS	JUND	2	-0.19840675313059036
REF_LPS	MAX	2	0.03911001788908766
REF_LPS	MEF2A	2	0.386432245080501
REF_LPS	MYC	2	-0.09266547406082291
REF_LPS	NFIC	2	0.22284212880143117
REF_LPS	PBX3	2	0.08105992844364938
REF_LPS	TCF12	2	0.04046847048300537
REF_LPS	SPI1	2	0.1581171735241503
REF_LPS	SPIB	2	-0.1120471824686941
REF_LPS	ETV6	2	0.3548076923076924
REF_LPS	CEBPB	3	0.08076923076923077
REF_LPS	FOS	3	-0.017223837209302328
REF_LPS	FOSL2	3	-0.14222383720930235
REF_LPS	GATA2	3	-0.09348725402504474
REF_LPS	GATA3	3	-0.1862421735241503
REF_LPS	JUN	3	-0.13739937388193205
REF_LPS	JUND	3	-0.21209749552772814
REF_LPS	MAX	3	0.028298300536672635
REF_LPS	MEF2A	3	0.3792710196779965
REF_LPS	MYC	3	-0.10644566189624331
REF_LPS	NFIC	3	0.19743403398926657
REF_LPS	PBX3	3	0.07331171735241504
REF_LPS	TCF12	3	0.057423971377459755
REF_LPS	SPI1	3	0.13853421288014314
REF_LPS	SPIB	3	-0.098563282647585
REF_LPS	ETV6	3	0.35627795169946336
REF_LPS	CEBPB	4	0.08435263864042936
REF_LPS	FOS	4	-0.007641994633273704
REF_LPS	FOSL2	4	-0.13249664579606443
REF_LPS	GATA2	4	-0.08598501788908768
REF_LPS	GATA3	4	-0.19291144901610022
REF_LPS	JUN	4	-0.13715898926654743
REF_LPS	JUND	4	-0.21833631484794278
REF_LPS	MAX	4	0.02091346153846154
REF_LPS	MEF2A	4	0.3831507155635063
REF_LPS	MYC	4	-0.10755254919499108
REF_LPS	NFIC	4	0.2021075581395349
REF_LPS	PBX3	4	0.08273144007155636
REF_LPS	TCF12	4	0.06028063506261182
REF_LPS	SPI1	4	0.1438729874776387
REF_LPS	SPIB	4	-0.10774821109123436
REF_LPS	ETV6	4	0.35623322898032206
REF_LPS	CEBPB	5	0.0801990161001789
REF_LPS	FOS	5	-0.013204382826475852
REF_LPS	FOSL2	5	-0.14161449016100183
REF_LPS	GATA2	5	-0.08643783542039359
REF_LPS	GATA3	5	-0.18900380143112705
REF_LPS	JUN	5	-0.13781864937388194
REF_LPS	JUND	5	-0.217279740608229
REF_LPS	MAX	5	0.02664915026833632
REF_LPS	MEF2A	5	0.3804226296958856
REF_LPS	MYC	5	-0.10226408765652953
REF_LPS	NFIC	5	0.19979874776386408
REF_LPS	PBX3	5	0.08213327370304116
REF_LPS	TCF12	5	0.053192084078711996
REF_LPS	SPI1	5	0.1404013864042934
REF_LPS	SPIB	5	-0.10132491055456173
REF_LPS	ETV6	5	0.3572562611806798
REF_LPS	CEBPB	6	0.07872316636851522
REF_LPS	FOS	6	-0.006154964221824688
REF_LPS	FOSL2	6	-0.13360912343470485
REF_LPS	GATA2	6	-0.07474843470483007
REF_LPS	GATA3	6	-0.18280411449016104
REF_LPS	JUN	6	-0.12407200357781756
REF_LPS	JUND	6	-0.22753801431127016
REF_LPS	MAX	6	0.01991279069767442
REF_LPS	MEF2A	6	0.39304002683363154
REF_LPS	MYC	6	-0.10937500000000001
REF_LPS	NFIC	6	0.1927661001788909
REF_LPS	PBX3	6	0.07417822003577819
REF_LPS	TCF12	6	0.06893448121645797
REF_LPS	SPI1	6	0.1342352415026834
REF_LPS	SPIB	6	-0.11343358676207514
REF_LPS	ETV6	6	0.351705053667263
REF_LPS	CEBPB	7	0.08089221824686942
REF_LPS	FOS	7	-0.01803443649373882
REF_LPS	FOSL2	7	-0.137550313059034
REF_LPS	GATA2	7	-0.1008776833631485
REF_LPS	GATA3	7	-0.1992956171735242
REF_LPS	JUN	7	-0.14831730769230772
REF_LPS	JUND	7	-0.20174418604651165
REF_LPS	MAX	7	0.034671288014311276
REF_LPS	MEF2A	7	0.3716402057245081
REF_LPS	MYC	7	-0.10881596601073346
REF_LPS	NFIC	7	0.21848725402504474
REF_LPS	PBX3	7	0.08401162790697676
REF_LPS	TCF12	7	0.04472830948121647
REF_LPS	SPI1	7	0.15107334525939178
REF_LPS	SPIB	7	-0.09724396243291594
REF_LPS	ETV6	7	0.3631708407871199
REF_LPS	CEBPB	8	0.08057915921288016
REF_LPS	FOS	8	-0.01579830053667263
REF_LPS	FOSL2	8	-0.14046288014311273
REF_LPS	GATA2	8	-0.08634279964221826
REF_LPS	GATA3	8	-0.18989266547406083
REF_LPS	JUN	8	-0.13888640429338106
REF_LPS	JUND	8	-0.21437835420393564
REF_LPS	MAX	8	0.029533765652951707
REF_LPS	MEF2A	8	0.38109347048300546
REF_LPS	MYC	8	-0.10360017889087658
REF_LPS	NFIC	8	0.20036896243291594
REF_LPS	PBX3	8	0.07630813953488373
REF_LPS	TCF12	8	0.056026386404293395
REF_LPS	SPI1	8	0.14163685152057248
REF_LPS	SPIB	8	-0.103242397137746
REF_LPS	ETV6	8	0.35923524150268343
REF_LPS	CEBPB	9	0.10065406976744187
REF_LPS	FOS	9	0.000575805008944544
REF_LPS	FOSL2	9	-0.12529628801431128
REF_LPS	GATA2	9	-0.0733843917710197
REF_LPS	GATA3	9	-0.20082737030411452
REF_LPS	JUN	9	-0.11992397137745978
REF_LPS	JUND	9	-0.2073568872987478
REF_LPS	MAX	9	0.015183363148479432
REF_LPS	MEF2A	9	0.37615161001788916
REF_LPS	MYC	9	-0.1155970483005367
REF_LPS	NFIC	9	0.1959078711985689
REF_LPS	PBX3	9	0.06533989266547408
REF_LPS	TCF12	9	0.038925536672629706
REF_LPS	SPI1	9	0.15012298747763866
REF_LPS	SPIB	9	-0.08954606440071558
REF_LPS	ETV6	9	0.3514870304114491
REF_LPS	CEBPB	10	0.08436381932021468
REF_LPS	FOS	10	-0.01242732558139535
REF_LPS	FOSL2	10	-0.13857893559928447
REF_LPS	GATA2	10	-0.0858340787119857
REF_LPS	GATA3	10	-0.19239713774597497
REF_LPS	JUN	10	-0.13718135062611808
REF_LPS	JUND	10	-0.21355657423971383
REF_LPS	MAX	10	0.02639199463327371
REF_LPS	MEF2A	10	0.38485017889087664
REF_LPS	MYC	10	-0.10535554561717354
REF_LPS	NFIC	10	0.20072115384615388
REF_LPS	PBX3	10	0.07842687835420395
REF_LPS	TCF12	10	0.05310263864042935
REF_LPS	SPI1	10	0.14471153846153847
REF_LPS	SPIB	10	-0.1040977191413238
REF_LPS	ETV6	10	0.35939177101967806
REF_LPS	CEBPB	11	0.1015093917710197
REF_LPS	FOS	11	-0.008078041144901613
REF_LPS	FOSL2	11	-0.12236694991055456
REF_LPS	GATA2	11	-0.06693872987477639
REF_LPS	GATA3	11	-0.19281641323792492
REF_LPS	JUN	11	-0.11743627012522362
REF_LPS	JUND	11	-0.20140317531305907
REF_LPS	MAX	11	0.03219476744186047
REF_LPS	MEF2A	11	0.39555008944543835
REF_LPS	MYC	11	-0.09808810375670843
REF_LPS	NFIC	11	0.2212600626118068
REF_LPS	PBX3	11	0.07136068872987479
REF_LPS	TCF12	11	0.044471153846153855
REF_LPS	SPI1	11	0.16002906976744188
REF_LPS	SPIB	11	-0.09748434704830054
REF_LPS	ETV6	11	0.36434481216457965
REF_LPS	CEBPB	12	0.07194767441860467
REF_LPS	FOS	12	-0.016659212880143114
REF_LPS	FOSL2	12	-0.14470594812164583
REF_LPS	GATA2	12	-0.08507938282647586
REF_LPS	GATA3	12	-0.17967352415026835
REF_LPS	JUN	12	-0.1318202146690519
REF_LPS	JUND	12	-0.22194767441860472
REF_LPS	MAX	12	0.026023032200357787
REF_LPS	MEF2A	12	0.3786337209302326
REF_LPS	MYC	12	-0.1133609123434705
REF_LPS	NFIC	12	0.19084302325581398
REF_LPS	PBX3	12	0.07151721824686942
REF_LPS	TCF12	12	0.05664691413237926
REF_LPS	SPI1	12	0.13209414132379252
REF_LPS	SPIB	12	-0.10072674418604653
REF_LPS	ETV6	12	0.3526945438282648
REF_LPS	CEBPB	13	0.07227750447227192
REF_LPS	FOS	13	-0.018274821109123436
REF_LPS	FOSL2	13	-0.15148144007155637
REF_LPS	GATA2	13	-0.08273144007155636
REF_LPS	GATA3	13	-0.1837768336314848
REF_LPS	JUN	13	-0.13441413237924868
REF_LPS	JUND	13	-0.20439959749552775
REF_LPS	MAX	13	0.03288237924865832
REF_LPS	MEF2A	13	0.380098389982111
REF_LPS	MYC	13	-0.09361583184257605
REF_LPS	NFIC	13	0.19358788014311273
REF_LPS	PBX3	13	0.07159548300536674
REF_LPS	TCF12	13	0.05211873881932022
REF_LPS	SPI1	13	0.13207177996422184
REF_LPS	SPIB	13	-0.09529293381037568
REF_LPS	ETV6	13	0.35174977638640437
REF_LPS	CEBPB	14	0.10019566189624331
REF_LPS	FOS	14	-0.0029125670840787123
REF_LPS	FOSL2	14	-0.12049418604651166
REF_LPS	GATA2	14	-0.07639199463327372
REF_LPS	GATA3	14	-0.19290585867620755
REF_LPS	JUN	14	-0.15625559033989267
REF_LPS	JUND	14	-0.19832848837209305
REF_LPS	MAX	14	0.02702370304114491
REF_LPS	MEF2A	14	0.36830836314847953
REF_LPS	MYC	14	-0.11579830053667264
REF_LPS	NFIC	14	0.22271914132379253
REF_LPS	PBX3	14	0.07917598389982113
REF_LPS	TCF12	14	0.047366949910554575
REF_LPS	SPI1	14	0.16320997316636854
REF_LPS	SPIB	14	-0.11767665474060826
REF_LPS	ETV6	14	0.37388752236135964
REF_LPS	CEBPB	15	0.08703600178890879
REF_LPS	FOS	15	-0.015088327370304118
REF_LPS	FOSL2	15	-0.13664467799642221
REF_LPS	GATA2	15	-0.08734906082289805
REF_LPS	GATA3	15	-0.19243067978533096
REF_LPS	JUN	15	-0.1433642665474061
REF_LPS	JUND	15	-0.22138305008944545
REF_LPS	MAX	15	0.0245639534883721
REF_LPS	MEF2A	15	0.38117732558139544
REF_LPS	MYC	15	-0.10881596601073346
REF_LPS	NFIC	15	0.19649485688729879
REF_LPS	PBX3	15	0.08683474955277282
REF_LPS	TCF12	15	0.048065742397137755
REF_LPS	SPI1	15	0.15092240608228982
REF_LPS	SPIB	15	-0.11127571556350628
REF_LPS	ETV6	15	0.36203041144901615
REF_LPS	CEBPB	16	0.08639870304114491
REF_LPS	FOS	16	0.005690966010733454
REF_LPS	FOSL2	16	-0.12903622540250448
REF_LPS	GATA2	16	-0.0902728085867621
REF_LPS	GATA3	16	-0.2023367620751342
REF_LPS	JUN	16	-0.1342296511627907
REF_LPS	JUND	16	-0.22245639534883727
REF_LPS	MAX	16	0.014495751341681577
REF_LPS	MEF2A	16	0.37615161001788916
REF_LPS	MYC	16	-0.1155970483005367
REF_LPS	NFIC	16	0.2058195438282648
REF_LPS	PBX3	16	0.09772473166368517
REF_LPS	TCF12	16	0.04243067978533096
REF_LPS	SPI1	16	0.1481216457960644
REF_LPS	SPIB	16	-0.10256596601073346
REF_LPS	ETV6	16	0.3572115384615385
REF_LPS	CEBPB	17	0.07657088550983902
REF_LPS	FOS	17	-0.010778175313059036
REF_LPS	FOSL2	17	-0.14131261180679788
REF_LPS	GATA2	17	-0.07735353309481219
REF_LPS	GATA3	17	-0.18256372987477643
REF_LPS	JUN	17	-0.12540250447227194
REF_LPS	JUND	17	-0.2024206171735242
REF_LPS	MAX	17	0.04006596601073346
REF_LPS	MEF2A	17	0.3734850178890877
REF_LPS	MYC	17	-0.10335979427549197
REF_LPS	NFIC	17	0.20012298747763868
REF_LPS	PBX3	17	0.07871757602862255
REF_LPS	TCF12	17	0.04330836314847944
REF_LPS	SPI1	17	0.14295058139534886
REF_LPS	SPIB	17	-0.09312388193202148
REF_LPS	ETV6	17	0.35542262969588556
REF_LPS	CEBPB	18	0.0752292039355993
REF_LPS	FOS	18	-0.02107558139534884
REF_LPS	FOSL2	18	-0.14754584078711988
REF_LPS	GATA2	18	-0.09323009838998213
REF_LPS	GATA3	18	-0.18459861359570665
REF_LPS	JUN	18	-0.143850626118068
REF_LPS	JUND	18	-0.22302101967799645
REF_LPS	MAX	18	0.033838327370304115
REF_LPS	MEF2A	18	0.3770348837209303
REF_LPS	MYC	18	-0.0981551878354204
REF_LPS	NFIC	18	0.19467240608228983
REF_LPS	PBX3	18	0.07175760286225404
REF_LPS	TCF12	18	0.04624329159212881
REF_LPS	SPI1	18	0.13751677101967802
REF_LPS	SPIB	18	-0.1060431574239714
REF_LPS	ETV6	18	0.35625559033989274
REF_LPS	CEBPB	19	0.06932021466905189
REF_LPS	FOS	19	-0.014423076923076924
REF_LPS	FOSL2	19	-0.15104539355992846
REF_LPS	GATA2	19	-0.09429785330948123
REF_LPS	GATA3	19	-0.1886572003577818
REF_LPS	JUN	19	-0.12374776386404296
REF_LPS	JUND	19	-0.20224172629695888
REF_LPS	MAX	19	0.044420840787119865
REF_LPS	MEF2A	19	0.3692922629695886
REF_LPS	MYC	19	-0.0894789803220036
REF_LPS	NFIC	19	0.19078152951699467
REF_LPS	PBX3	19	0.0725737924865832
REF_LPS	TCF12	19	0.04362142218246871
REF_LPS	SPI1	19	0.12959525939177102
REF_LPS	SPIB	19	-0.08707513416815744
REF_LPS	ETV6	19	0.34783094812164583
REF_LPS	CEBPB	20	0.0796008497316637
REF_LPS	FOS	20	-0.02100290697674419
REF_LPS	FOSL2	20	-0.14078152951699466
REF_LPS	GATA2	20	-0.08218917710196781
REF_LPS	GATA3	20	-0.19665697674418608
REF_LPS	JUN	20	-0.1293269230769231
REF_LPS	JUND	20	-0.21199127906976747
REF_LPS	MAX	20	0.030148703041144906
REF_LPS	MEF2A	20	0.39579047406082296
REF_LPS	MYC	20	-0.10419275491949911
REF_LPS	NFIC	20	0.1945661896243292
REF_LPS	PBX3	20	0.07326699463327371
REF_LPS	TCF12	20	0.05271690518783543
REF_LPS	SPI1	20	0.13782983005366728
REF_LPS	SPIB	20	-0.0925536672629696
REF_LPS	ETV6	20	0.357971824686941
REF_LPS	CEBPB	21	0.07083519677996424
REF_LPS	FOS	21	-0.02186381932021467
REF_LPS	FOSL2	21	-0.14738931127012525
REF_LPS	GATA2	21	-0.08823792486583185
REF_LPS	GATA3	21	-0.1891771019677997
REF_LPS	JUN	21	-0.1461985688729875
REF_LPS	JUND	21	-0.23296623434704836
REF_LPS	MAX	21	0.01940966010733453
REF_LPS	MEF2A	21	0.3849172629695886
REF_LPS	MYC	21	-0.10293492844364939
REF_LPS	NFIC	21	0.18957960644007157
REF_LPS	PBX3	21	0.06743627012522363
REF_LPS	TCF12	21	0.06735241502683363
REF_LPS	SPI1	21	0.13162455277280863
REF_LPS	SPIB	21	-0.11763752236135959
REF_LPS	ETV6	21	0.35135286225402507
REF_LPS	CEBPB	22	0.07437947227191415
REF_LPS	FOS	22	-0.01958296064400716
REF_LPS	FOSL2	22	-0.14816636851520573
REF_LPS	GATA2	22	-0.08619186046511629
REF_LPS	GATA3	22	-0.184525939177102
REF_LPS	JUN	22	-0.13437500000000002
REF_LPS	JUND	22	-0.22281417710196785
REF_LPS	MAX	22	0.022730322003577823
REF_LPS	MEF2A	22	0.3789803220035779
REF_LPS	MYC	22	-0.09806574239713776
REF_LPS	NFIC	22	0.1933307245080501
REF_LPS	PBX3	22	0.0737701252236136
REF_LPS	TCF12	22	0.051336091234347056
REF_LPS	SPI1	22	0.13451475849731667
REF_LPS	SPIB	22	-0.11318761180679789
REF_LPS	ETV6	22	0.35283430232558144
REF_LPS	CEBPB	23	0.07810822898032202
REF_LPS	FOS	23	-0.0037399373881932024
REF_LPS	FOSL2	23	-0.142246198568873
REF_LPS	GATA2	23	-0.08024373881932023
REF_LPS	GATA3	23	-0.1831339445438283
REF_LPS	JUN	23	-0.12454159212880146
REF_LPS	JUND	23	-0.2052381484794276
REF_LPS	MAX	23	0.03966346153846154
REF_LPS	MEF2A	23	0.3737701252236137
REF_LPS	MYC	23	-0.09406864937388196
REF_LPS	NFIC	23	0.19911672629695887
REF_LPS	PBX3	23	0.06794499105545619
REF_LPS	TCF12	23	0.048719812164579615
REF_LPS	SPI1	23	0.13268112701252238
REF_LPS	SPIB	23	-0.0910666368515206
REF_LPS	ETV6	23	0.3493347495527729
REF_LPS	CEBPB	24	0.08554338103756709
REF_LPS	FOS	24	-0.013198792486583186
REF_LPS	FOSL2	24	-0.13701923076923078
REF_LPS	GATA2	24	-0.08649373881932022
REF_LPS	GATA3	24	-0.1919722719141324
REF_LPS	JUN	24	-0.13547629695885513
REF_LPS	JUND	24	-0.21329382826475854
REF_LPS	MAX	24	0.025642889087656533
REF_LPS	MEF2A	24	0.38284324686940974
REF_LPS	MYC	24	-0.10688729874776387
REF_LPS	NFIC	24	0.2034380590339893
REF_LPS	PBX3	24	0.07900827370304116
REF_LPS	TCF12	24	0.05418716457960644
REF_LPS	SPI1	24	0.1467687835420394
REF_LPS	SPIB	24	-0.10442754919499107
REF_LPS	ETV6	24	0.36314288908765663
REF_LPS	CEBPB	25	0.084425313059034
REF_LPS	FOS	25	-0.012734794275491953
REF_LPS	FOSL2	25	-0.13712544722719142
REF_LPS	GATA2	25	-0.08643224508050092
REF_LPS	GATA3	25	-0.19233005366726302
REF_LPS	JUN	25	-0.13684593023255814
REF_LPS	JUND	25	-0.2156138193202147
REF_LPS	MAX	25	0.025961538461538466
REF_LPS	MEF2A	25	0.38254695885509843
REF_LPS	MYC	25	-0.10611024150268338
REF_LPS	NFIC	25	0.20278398926654745
REF_LPS	PBX3	25	0.07965675313059035
REF_LPS	TCF12	25	0.053158542039356
REF_LPS	SPI1	25	0.143850626118068
REF_LPS	SPIB	25	-0.10396355098389984
REF_LPS	ETV6	25	0.3587600626118069
REF_LPS	CEBPB	26	0.09675201252236137
REF_LPS	FOS	26	-0.021008497316636857
REF_LPS	FOSL2	26	-0.13133944543828266
REF_LPS	GATA2	26	-0.0743067978533095
REF_LPS	GATA3	26	-0.2013360912343471
REF_LPS	JUN	26	-0.13722048300536677
REF_LPS	JUND	26	-0.19885957066189627
REF_LPS	MAX	26	0.03356999105545618
REF_LPS	MEF2A	26	0.37248993738819325
REF_LPS	MYC	26	-0.10166592128801433
REF_LPS	NFIC	26	0.21104092128801433
REF_LPS	PBX3	26	0.06364042933810377
REF_LPS	TCF12	26	0.07183586762075135
REF_LPS	SPI1	26	0.15622204830053668
REF_LPS	SPIB	26	-0.08682915921288016
REF_LPS	ETV6	26	0.3628130590339893
REF_LPS	CEBPB	27	0.08857334525939178
REF_LPS	FOS	27	-0.019918381037567087
REF_LPS	FOSL2	27	-0.13487254025044726
REF_LPS	GATA2	27	-0.08187611806797854
REF_LPS	GATA3	27	-0.18983117173524153
REF_LPS	JUN	27	-0.136113595706619
REF_LPS	JUND	27	-0.2087824239713775
REF_LPS	MAX	27	0.03127236135957067
REF_LPS	MEF2A	27	0.3795896690518784
REF_LPS	MYC	27	-0.10190071556350629
REF_LPS	NFIC	27	0.2087488819320215
REF_LPS	PBX3	27	0.07482669946332739
REF_LPS	TCF12	27	0.050290697674418613
REF_LPS	SPI1	27	0.14800424865831843
REF_LPS	SPIB	27	-0.09542151162790699
REF_LPS	ETV6	27	0.358072450805009
REF_LPS	CEBPB	28	0.08472719141323794
REF_LPS	FOS	28	-0.0021299194991055456
REF_LPS	FOSL2	28	-0.13513528622540255
REF_LPS	GATA2	28	-0.07735353309481219
REF_LPS	GATA3	28	-0.1794387298747764
REF_LPS	JUN	28	-0.1324183810375671
REF_LPS	JUND	28	-0.20684257602862258
REF_LPS	MAX	28	0.020153175313059036
REF_LPS	MEF2A	28	0.37397137745974957
REF_LPS	MYC	28	-0.09463886404293383
REF_LPS	NFIC	28	0.20205724508050094
REF_LPS	PBX3	28	0.0728477191413238
REF_LPS	TCF12	28	0.05292933810375672
REF_LPS	SPI1	28	0.13754472271914134
REF_LPS	SPIB	28	-0.1104148032200358
REF_LPS	ETV6	28	0.35063729874776395
REF_LPS	CEBPB	29	0.08402839892665476
REF_LPS	FOS	29	0.009380590339892667
REF_LPS	FOSL2	29	-0.13128354203935602
REF_LPS	GATA2	29	-0.09570102862254028
REF_LPS	GATA3	29	-0.18464892665474064
REF_LPS	JUN	29	-0.13428555456171737
REF_LPS	JUND	29	-0.22407759391771023
REF_LPS	MAX	29	0.018995974955277283
REF_LPS	MEF2A	29	0.3681574239713775
REF_LPS	MYC	29	-0.10718917710196782
REF_LPS	NFIC	29	0.20016771019678
REF_LPS	PBX3	29	0.0993403398926655
REF_LPS	TCF12	29	0.051883944543828275
REF_LPS	SPI1	29	0.14622093023255817
REF_LPS	SPIB	29	-0.11782200357781757
REF_LPS	ETV6	29	0.362718023255814
REF_LPS	CEBPB	30	0.08849508050089447
REF_LPS	FOS	30	-0.02288126118067979
REF_LPS	FOSL2	30	-0.1334861359570662
REF_LPS	GATA2	30	-0.07825357781753133
REF_LPS	GATA3	30	-0.19591905187835423
REF_LPS	JUN	30	-0.1414244186046512
REF_LPS	JUND	30	-0.20951475849731668
REF_LPS	MAX	30	0.021964445438282652
REF_LPS	MEF2A	30	0.39161449016100186
REF_LPS	MYC	30	-0.10665250447227194
REF_LPS	NFIC	30	0.20949798747763868
REF_LPS	PBX3	30	0.08230098389982113
REF_LPS	TCF12	30	0.04671847048300538
REF_LPS	SPI1	30	0.14904964221824687
REF_LPS	SPIB	30	-0.0946444543828265
REF_LPS	ETV6	30	0.36129807692307697
REF_LPS	CEBPB	31	0.08629248658318428
REF_LPS	FOS	31	-0.01300872093023256
REF_LPS	FOSL2	31	-0.13596265652951703
REF_LPS	GATA2	31	-0.09154181574239716
REF_LPS	GATA3	31	-0.1965563506261181
REF_LPS	JUN	31	-0.13503466010733456
REF_LPS	JUND	31	-0.21750335420393563
REF_LPS	MAX	31	0.023859570661896246
REF_LPS	MEF2A	31	0.38559928443649377
REF_LPS	MYC	31	-0.10882155635062614
REF_LPS	NFIC	31	0.20001118067978538
REF_LPS	PBX3	31	0.07857222719141325
REF_LPS	TCF12	31	0.055137522361359576
REF_LPS	SPI1	31	0.14613707513416818
REF_LPS	SPIB	31	-0.1007491055456172
REF_LPS	ETV6	31	0.36034771914132385
REF_LPS	CEBPB	32	0.08013752236135958
REF_LPS	FOS	32	-0.01720706618962433
REF_LPS	FOSL2	32	-0.14202817531305906
REF_LPS	GATA2	32	-0.08667822003577819
REF_LPS	GATA3	32	-0.18859570661896247
REF_LPS	JUN	32	-0.13978085867620754
REF_LPS	JUND	32	-0.21833631484794278
REF_LPS	MAX	32	0.025805008944543833
REF_LPS	MEF2A	32	0.3802996422182469
REF_LPS	MYC	32	-0.10164355992844366
REF_LPS	NFIC	32	0.19870304114490164
REF_LPS	PBX3	32	0.07890764758497318
REF_LPS	TCF12	32	0.05246533989266548
REF_LPS	SPI1	32	0.1404684704830054
REF_LPS	SPIB	32	-0.10783206618962435
REF_LPS	ETV6	32	0.3570997316636852
REF_LPS	CEBPB	33	0.08166927549194992
REF_LPS	FOS	33	-0.024530411449016104
REF_LPS	FOSL2	33	-0.13436381932021468
REF_LPS	GATA2	33	-0.08462097495527729
REF_LPS	GATA3	33	-0.20758050089445443
REF_LPS	JUN	33	-0.15145348837209305
REF_LPS	JUND	33	-0.2250391323792487
REF_LPS	MAX	33	0.017956171735241503
REF_LPS	MEF2A	33	0.39969812164579616
REF_LPS	MYC	33	-0.12403846153846157
REF_LPS	NFIC	33	0.19793716457960647
REF_LPS	PBX3	33	0.08810375670840788
REF_LPS	TCF12	33	0.06331059928443651
REF_LPS	SPI1	33	0.15059257602862258
REF_LPS	SPIB	33	-0.09513081395348838
REF_LPS	ETV6	33	0.36772696779964226
REF_LPS	CEBPB	34	0.06850402504472272
REF_LPS	FOS	34	-0.02786225402504473
REF_LPS	FOSL2	34	-0.1554785330948122
REF_LPS	GATA2	34	-0.09042933810375672
REF_LPS	GATA3	34	-0.17956730769230772
REF_LPS	JUN	34	-0.15475737924865834
REF_LPS	JUND	34	-0.22462544722719144
REF_LPS	MAX	34	0.02930456171735242
REF_LPS	MEF2A	34	0.3911225402504473
REF_LPS	MYC	34	-0.0903846153846154
REF_LPS	NFIC	34	0.18789691413237927
REF_LPS	PBX3	34	0.08557692307692309
REF_LPS	TCF12	34	0.0458240161001789
REF_LPS	SPI1	34	0.1292486583184258
REF_LPS	SPIB	34	-0.11353980322003579
REF_LPS	ETV6	34	0.35060375670840793
REF_LPS	CEBPB	35	0.0982222719141324
REF_LPS	FOS	35	-0.007759391771019679
REF_LPS	FOSL2	35	-0.12216010733452595
REF_LPS	GATA2	35	-0.09376118067978535
REF_LPS	GATA3	35	-0.20109570661896245
REF_LPS	JUN	35	-0.13477750447227194
REF_LPS	JUND	35	-0.21144342576028627
REF_LPS	MAX	35	0.011616726296958858
REF_LPS	MEF2A	35	0.37469812164579613
REF_LPS	MYC	35	-0.1280355545617174
REF_LPS	NFIC	35	0.2177884615384616
REF_LPS	PBX3	35	0.07798524150268338
REF_LPS	TCF12	35	0.0639758497316637
REF_LPS	SPI1	35	0.14839557245080504
REF_LPS	SPIB	35	-0.08615272808586763
REF_LPS	ETV6	35	0.3522529069767443
REF_LPS	CEBPB	36	0.08878018783542041
REF_LPS	FOS	36	0.005875447227191414
REF_LPS	FOSL2	36	-0.12148367620751345
REF_LPS	GATA2	36	-0.08545393559928445
REF_LPS	GATA3	36	-0.20603197674418608
REF_LPS	JUN	36	-0.11827482110912345
REF_LPS	JUND	36	-0.2306574239713775
REF_LPS	MAX	36	0.0067587209302325596
REF_LPS	MEF2A	36	0.4047406082289804
REF_LPS	MYC	36	-0.11674865831842578
REF_LPS	NFIC	36	0.19081507155635066
REF_LPS	PBX3	36	0.08984794275491952
REF_LPS	TCF12	36	0.05773144007155637
REF_LPS	SPI1	36	0.13595706618962436
REF_LPS	SPIB	36	-0.0997428443649374
REF_LPS	ETV6	36	0.3525491949910555
REF_LPS	CEBPB	37	0.08734347048300538
REF_LPS	FOS	37	-0.0011851520572450807
REF_LPS	FOSL2	37	-0.12839892665474062
REF_LPS	GATA2	37	-0.09183810375670842
REF_LPS	GATA3	37	-0.1864210644007156
REF_LPS	JUN	37	-0.12488819320214671
REF_LPS	JUND	37	-0.2071444543828265
REF_LPS	MAX	37	0.019907200357781756
REF_LPS	MEF2A	37	0.3786840339892666
REF_LPS	MYC	37	-0.0971042039355993
REF_LPS	NFIC	37	0.19723837209302328
REF_LPS	PBX3	37	0.07358564400715564
REF_LPS	TCF12	37	0.061499329159212884
REF_LPS	SPI1	37	0.13856775491949913
REF_LPS	SPIB	37	-0.10294051878354206
REF_LPS	ETV6	37	0.35354427549195
REF_LPS	CEBPB	38	0.0903846153846154
REF_LPS	FOS	38	-0.014305679785330951
REF_LPS	FOSL2	38	-0.1318034436493739
REF_LPS	GATA2	38	-0.07106440071556351
REF_LPS	GATA3	38	-0.18120527728085872
REF_LPS	JUN	38	-0.12298747763864046
REF_LPS	JUND	38	-0.1956507155635063
REF_LPS	MAX	38	0.042743738819320226
REF_LPS	MEF2A	38	0.36972830948121654
REF_LPS	MYC	38	-0.10006149373881934
REF_LPS	NFIC	38	0.2091681574239714
REF_LPS	PBX3	38	0.08434145796064402
REF_LPS	TCF12	38	0.04554449910554562
REF_LPS	SPI1	38	0.15311940966010737
REF_LPS	SPIB	38	-0.09740049194991057
REF_LPS	ETV6	38	0.351973389982111
REF_LPS	CEBPB	39	0.08231775491949912
REF_LPS	FOS	39	-0.02976296958855099
REF_LPS	FOSL2	39	-0.1351576475849732
REF_LPS	GATA2	39	-0.09949127906976746
REF_LPS	GATA3	39	-0.19494633273703044
REF_LPS	JUN	39	-0.12194208407871202
REF_LPS	JUND	39	-0.19804338103756713
REF_LPS	MAX	39	0.04336426654740609
REF_LPS	MEF2A	39	0.37008050089445443
REF_LPS	MYC	39	-0.10191748658318428
REF_LPS	NFIC	39	0.19164244186046514
REF_LPS	PBX3	39	0.06304785330948122
REF_LPS	TCF12	39	0.04586314847942756
REF_LPS	SPI1	39	0.143934481216458
REF_LPS	SPIB	39	-0.09349284436493739
REF_LPS	ETV6	39	0.3468750000000001
REF_LPS	CEBPB	40	0.0933474955277281
REF_LPS	FOS	40	-0.0101688282647585
REF_LPS	FOSL2	40	-0.12758273703041148
REF_LPS	GATA2	40	-0.09092687835420395
REF_LPS	GATA3	40	-0.19562276386404298
REF_LPS	JUN	40	-0.12800760286225404
REF_LPS	JUND	40	-0.20143671735241508
REF_LPS	MAX	40	0.039657871198568874
REF_LPS	MEF2A	40	0.37743179785330955
REF_LPS	MYC	40	-0.11541815742397141
REF_LPS	NFIC	40	0.20446109123434708
REF_LPS	PBX3	40	0.07009168157423973
REF_LPS	TCF12	40	0.05360017889087657
REF_LPS	SPI1	40	0.15486359570661898
REF_LPS	SPIB	40	-0.08926095706618964
REF_LPS	ETV6	40	0.36213103756708415
REF_LPS	CEBPB	41	0.07970147584973168
REF_LPS	FOS	41	-0.011672629695885511
REF_LPS	FOSL2	41	-0.1405635062611807
REF_LPS	GATA2	41	-0.08753913237924868
REF_LPS	GATA3	41	-0.19162008050089446
REF_LPS	JUN	41	-0.13833855098389986
REF_LPS	JUND	41	-0.2201196332737031
REF_LPS	MAX	41	0.02159548300536673
REF_LPS	MEF2A	41	0.3848389982110913
REF_LPS	MYC	41	-0.1013975849731664
REF_LPS	NFIC	41	0.20053667262969593
REF_LPS	PBX3	41	0.07846042039355995
REF_LPS	TCF12	41	0.05173300536672631
REF_LPS	SPI1	41	0.14012186940966012
REF_LPS	SPIB	41	-0.10768671735241504
REF_LPS	ETV6	41	0.36104092128801435
REF_LPS	CEBPB	42	0.06877236135957067
REF_LPS	FOS	42	-0.008581171735241503
REF_LPS	FOSL2	42	-0.15077705724508053
REF_LPS	GATA2	42	-0.06693872987477639
REF_LPS	GATA3	42	-0.1726744186046512
REF_LPS	JUN	42	-0.12013081395348839
REF_LPS	JUND	42	-0.20237589445438287
REF_LPS	MAX	42	0.03752795169946333
REF_LPS	MEF2A	42	0.3677772808586763
REF_LPS	MYC	42	-0.08701364042933812
REF_LPS	NFIC	42	0.18420728980322007
REF_LPS	PBX3	42	0.06809033989266548
REF_LPS	TCF12	42	0.0323512969588551
REF_LPS	SPI1	42	0.1290529964221825
REF_LPS	SPIB	42	-0.10165474060822899
REF_LPS	ETV6	42	0.34585755813953495
REF_LPS	CEBPB	43	0.09846824686940968
REF_LPS	FOS	43	-0.004371645796064401
REF_LPS	FOSL2	43	-0.12198121645796066
REF_LPS	GATA2	43	-0.10244297853309482
REF_LPS	GATA3	43	-0.19882602862254029
REF_LPS	JUN	43	-0.14600849731663687
REF_LPS	JUND	43	-0.22245639534883727
REF_LPS	MAX	43	0.008284883720930234
REF_LPS	MEF2A	43	0.3794666815742398
REF_LPS	MYC	43	-0.11887298747763866
REF_LPS	NFIC	43	0.2070326475849732
REF_LPS	PBX3	43	0.09451587656529518
REF_LPS	TCF12	43	0.04521466905187836
REF_LPS	SPI1	43	0.15229203935599286
REF_LPS	SPIB	43	-0.1198848389982111
REF_LPS	ETV6	43	0.3691916368515207
REF_LPS	CEBPB	44	0.07152839892665475
REF_LPS	FOS	44	-0.016211985688729877
REF_LPS	FOSL2	44	-0.14680232558139536
REF_LPS	GATA2	44	-0.07417822003577819
REF_LPS	GATA3	44	-0.17999776386404295
REF_LPS	JUN	44	-0.14781417710196784
REF_LPS	JUND	44	-0.20830165474060827
REF_LPS	MAX	44	0.0301822450805009
REF_LPS	MEF2A	44	0.37040474060822903
REF_LPS	MYC	44	-0.10796064400715565
REF_LPS	NFIC	44	0.19040697674418608
REF_LPS	PBX3	44	0.08497316636851522
REF_LPS	TCF12	44	0.06541815742397139
REF_LPS	SPI1	44	0.13314512522361363
REF_LPS	SPIB	44	-0.08637634168157425
REF_LPS	ETV6	44	0.3490720035778176
REF_LPS	CEBPB	45	0.090641771019678
REF_LPS	FOS	45	-0.002873434704830054
REF_LPS	FOSL2	45	-0.13291033094812169
REF_LPS	GATA2	45	-0.09044051878354206
REF_LPS	GATA3	45	-0.19314624329159216
REF_LPS	JUN	45	-0.137550313059034
REF_LPS	JUND	45	-0.21537343470483009
REF_LPS	MAX	45	0.0268783542039356
REF_LPS	MEF2A	45	0.37669946332737037
REF_LPS	MYC	45	-0.09933474955277283
REF_LPS	NFIC	45	0.20201811270125228
REF_LPS	PBX3	45	0.08056238819320216
REF_LPS	TCF12	45	0.050961538461538475
REF_LPS	SPI1	45	0.14675760286225406
REF_LPS	SPIB	45	-0.09772473166368517
REF_LPS	ETV6	45	0.3587600626118069
REF_LPS	CEBPB	46	0.0827593917710197
REF_LPS	FOS	46	-0.01767665474060823
REF_LPS	FOSL2	46	-0.13824351520572453
REF_LPS	GATA2	46	-0.08460979427549196
REF_LPS	GATA3	46	-0.19117844364937392
REF_LPS	JUN	46	-0.13563841681574243
REF_LPS	JUND	46	-0.21313729874776388
REF_LPS	MAX	46	0.02370863148479428
REF_LPS	MEF2A	46	0.38393895348837215
REF_LPS	MYC	46	-0.10659660107334527
REF_LPS	NFIC	46	0.19950805008944547
REF_LPS	PBX3	46	0.07654852415026835
REF_LPS	TCF12	46	0.0555064847942755
REF_LPS	SPI1	46	0.14324127906976747
REF_LPS	SPIB	46	-0.10155411449016102
REF_LPS	ETV6	46	0.3575525491949911
REF_LPS	CEBPB	47	0.09795952593917712
REF_LPS	FOS	47	0.009084302325581398
REF_LPS	FOSL2	47	-0.1229651162790698
REF_LPS	GATA2	47	-0.10234794275491951
REF_LPS	GATA3	47	-0.19865272808586765
REF_LPS	JUN	47	-0.11969476744186047
REF_LPS	JUND	47	-0.2009447674418605
REF_LPS	MAX	47	0.013031082289803222
REF_LPS	MEF2A	47	0.38274262075134174
REF_LPS	MYC	47	-0.10753577817531308
REF_LPS	NFIC	47	0.20158765652951705
REF_LPS	PBX3	47	0.0902728085867621
REF_LPS	TCF12	47	0.07091346153846155
REF_LPS	SPI1	47	0.1557692307692308
REF_LPS	SPIB	47	-0.0855266100178891
REF_LPS	ETV6	47	0.3639255366726297
REF_LPS	CEBPB	48	0.07010845259391772
REF_LPS	FOS	48	-0.028002012522361366
REF_LPS	FOSL2	48	-0.1449072003577818
REF_LPS	GATA2	48	-0.08397808586762076
REF_LPS	GATA3	48	-0.17617956171735244
REF_LPS	JUN	48	-0.145505366726297
REF_LPS	JUND	48	-0.20448345259391776
REF_LPS	MAX	48	0.04940742397137747
REF_LPS	MEF2A	48	0.3670281753130591
REF_LPS	MYC	48	-0.08743291592128802
REF_LPS	NFIC	48	0.19172070661896246
REF_LPS	PBX3	48	0.07089669051878356
REF_LPS	TCF12	48	0.038970259391771025
REF_LPS	SPI1	48	0.13260286225402507
REF_LPS	SPIB	48	-0.1004080948121646
REF_LPS	ETV6	48	0.3447003577817532
REF_LPS	CEBPB	49	0.084425313059034
REF_LPS	FOS	49	-0.011102415026833633
REF_LPS	FOSL2	49	-0.1357055008944544
REF_LPS	GATA2	49	-0.09486806797853312
REF_LPS	GATA3	49	-0.18703041144901614
REF_LPS	JUN	49	-0.13300536672629698
REF_LPS	JUND	49	-0.2120527728085868
REF_LPS	MAX	49	0.030746869409660114
REF_LPS	MEF2A	49	0.37748770125223624
REF_LPS	MYC	49	-0.10957625223613597
REF_LPS	NFIC	49	0.20602079606440074
REF_LPS	PBX3	49	0.07918716457960645
REF_LPS	TCF12	49	0.04960867620751343
REF_LPS	SPI1	49	0.14647249552772812
REF_LPS	SPIB	49	-0.09807133273703043
REF_LPS	ETV6	49	0.35645684257602867
REF_LPS	CEBPB	50	0.0826923076923077
REF_LPS	FOS	50	-0.012790697674418606
REF_LPS	FOSL2	50	-0.13734347048300538
REF_LPS	GATA2	50	-0.08953488372093024
REF_LPS	GATA3	50	-0.19042933810375676
REF_LPS	JUN	50	-0.13702482110912348
REF_LPS	JUND	50	-0.2139646690518784
REF_LPS	MAX	50	0.026436717352415033
REF_LPS	MEF2A	50	0.38140093917710205
REF_LPS	MYC	50	-0.10500894454382828
REF_LPS	NFIC	50	0.201671511627907
REF_LPS	PBX3	50	0.07932692307692309
REF_LPS	TCF12	50	0.057267441860465125
REF_LPS	SPI1	50	0.14400156529516997
REF_LPS	SPIB	50	-0.10348837209302328
REF_LPS	ETV6	50	0.35835755813953496
REF_LPS	CEBPB	51	0.08276498211091236
REF_LPS	FOS	51	-0.014361583184257605
REF_LPS	FOSL2	51	-0.14026721824686944
REF_LPS	GATA2	51	-0.08530858676207516
REF_LPS	GATA3	51	-0.19337544722719144
REF_LPS	JUN	51	-0.13477191413237927
REF_LPS	JUND	51	-0.21324351520572454
REF_LPS	MAX	51	0.027633050089445443
REF_LPS	MEF2A	51	0.3816972271914133
REF_LPS	MYC	51	-0.10298524150268339
REF_LPS	NFIC	51	0.19952482110912348
REF_LPS	PBX3	51	0.07716905187835423
REF_LPS	TCF12	51	0.05205165474060824
REF_LPS	SPI1	51	0.14158094812164582
REF_LPS	SPIB	51	-0.10083855098389984
REF_LPS	ETV6	51	0.35997316636851523
REF_LPS	CEBPB	52	0.07212097495527729
REF_LPS	FOS	52	-0.024776386404293384
REF_LPS	FOSL2	52	-0.1443537567084079
REF_LPS	GATA2	52	-0.09012186940966013
REF_LPS	GATA3	52	-0.17974060822898036
REF_LPS	JUN	52	-0.12407200357781756
REF_LPS	JUND	52	-0.22753801431127016
REF_LPS	MAX	52	0.011247763864042935
REF_LPS	MEF2A	52	0.3976185152057246
REF_LPS	MYC	52	-0.09727191413237928
REF_LPS	NFIC	52	0.20655187835420397
REF_LPS	PBX3	52	0.0650771466905188
REF_LPS	TCF12	52	0.0564288908765653
REF_LPS	SPI1	52	0.13298859570661897
REF_LPS	SPIB	52	-0.11028622540250449
REF_LPS	ETV6	52	0.3610912343470484
REF_LPS	CEBPB	53	0.08096489266547408
REF_LPS	FOS	53	-0.009196109123434706
REF_LPS	FOSL2	53	-0.13889758497316637
REF_LPS	GATA2	53	-0.10417039355992845
REF_LPS	GATA3	53	-0.19688618067978536
REF_LPS	JUN	53	-0.12554785330948123
REF_LPS	JUND	53	-0.20870974955277283
REF_LPS	MAX	53	0.018543157423971383
REF_LPS	MEF2A	53	0.37843805903398936
REF_LPS	MYC	53	-0.10588662790697677
REF_LPS	NFIC	53	0.19504136851520576
REF_LPS	PBX3	53	0.08288237924865834
REF_LPS	TCF12	53	0.06428890876565296
REF_LPS	SPI1	53	0.14771914132379252
REF_LPS	SPIB	53	-0.09510845259391772
REF_LPS	ETV6	53	0.35607110912343476
REF_LPS	CEBPB	54	0.08602415026833632
REF_LPS	FOS	54	-0.012220483005366729
REF_LPS	FOSL2	54	-0.13434145796064403
REF_LPS	GATA2	54	-0.08686829159212882
REF_LPS	GATA3	54	-0.19514199463327372
REF_LPS	JUN	54	-0.1390764758497317
REF_LPS	JUND	54	-0.2171064400715564
REF_LPS	MAX	54	0.024234123434704834
REF_LPS	MEF2A	54	0.384593023255814
REF_LPS	MYC	54	-0.10614937388193203
REF_LPS	NFIC	54	0.201772137745975
REF_LPS	PBX3	54	0.0819487924865832
REF_LPS	TCF12	54	0.05652951699463329
REF_LPS	SPI1	54	0.14590228085867624
REF_LPS	SPIB	54	-0.10218582289803221
REF_LPS	ETV6	54	0.36452370304114495
REF_LPS	CEBPB	55	0.08917710196779965
REF_LPS	FOS	55	-0.01745863148479428
REF_LPS	FOSL2	55	-0.13133385509839002
REF_LPS	GATA2	55	-0.08619186046511629
REF_LPS	GATA3	55	-0.19456059928443653
REF_LPS	JUN	55	-0.13261963327370305
REF_LPS	JUND	55	-0.21698345259391771
REF_LPS	MAX	55	0.022825357781753135
REF_LPS	MEF2A	55	0.3898088103756709
REF_LPS	MYC	55	-0.11317643112701255
REF_LPS	NFIC	55	0.20584190518783546
REF_LPS	PBX3	55	0.07809704830053668
REF_LPS	TCF12	55	0.05171623434704831
REF_LPS	SPI1	55	0.14612589445438284
REF_LPS	SPIB	55	-0.10870415921288017
REF_LPS	ETV6	55	0.36828600178890886
REF_LPS	CEBPB	56	0.08322338998211093
REF_LPS	FOS	56	-0.01598837209302326
REF_LPS	FOSL2	56	-0.13676766547406083
REF_LPS	GATA2	56	-0.08790809481216459
REF_LPS	GATA3	56	-0.192279740608229
REF_LPS	JUN	56	-0.13242956171735243
REF_LPS	JUND	56	-0.20958184257602866
REF_LPS	MAX	56	0.029667933810375673
REF_LPS	MEF2A	56	0.38859011627906986
REF_LPS	MYC	56	-0.10419275491949911
REF_LPS	NFIC	56	0.20121869409660112
REF_LPS	PBX3	56	0.08094812164579608
REF_LPS	TCF12	56	0.058312835420393574
REF_LPS	SPI1	56	0.14207289803220038
REF_LPS	SPIB	56	-0.09727750447227193
REF_LPS	ETV6	56	0.3576252236135958
REF_LPS	CEBPB	57	0.08283206618962434
REF_LPS	FOS	57	-0.01878913237924866
REF_LPS	FOSL2	57	-0.13448680679785335
REF_LPS	GATA2	57	-0.08112701252236137
REF_LPS	GATA3	57	-0.18487254025044725
REF_LPS	JUN	57	-0.1324239713774598
REF_LPS	JUND	57	-0.20422070661896247
REF_LPS	MAX	57	0.03679002683363149
REF_LPS	MEF2A	57	0.3753298300536673
REF_LPS	MYC	57	-0.09610353309481218
REF_LPS	NFIC	57	0.20254360465116283
REF_LPS	PBX3	57	0.08240720035778176
REF_LPS	TCF12	57	0.04367173524150269
REF_LPS	SPI1	57	0.142413908765653
REF_LPS	SPIB	57	-0.09534324686940968
REF_LPS	ETV6	57	0.3540529964221825
REF_LPS	CEBPB	58	0.0818369856887299
REF_LPS	FOS	58	-0.016323792486583187
REF_LPS	FOSL2	58	-0.13563282647584976
REF_LPS	GATA2	58	-0.08842799642218248
REF_LPS	GATA3	58	-0.18872428443649378
REF_LPS	JUN	58	-0.1358676207513417
REF_LPS	JUND	58	-0.21545169946332743
REF_LPS	MAX	58	0.028158542039355996
REF_LPS	MEF2A	58	0.3785722271914133
REF_LPS	MYC	58	-0.10256596601073346
REF_LPS	NFIC	58	0.19688618067978536
REF_LPS	PBX3	58	0.07795169946332739
REF_LPS	TCF12	58	0.05155411449016101
REF_LPS	SPI1	58	0.13903734347048302
REF_LPS	SPIB	58	-0.10447786225402506
REF_LPS	ETV6	58	0.3561605545617174
REF_LPS	CEBPB	59	0.08400044722719142
REF_LPS	FOS	59	-0.011113595706618963
REF_LPS	FOSL2	59	-0.13899821109123436
REF_LPS	GATA2	59	-0.08781864937388195
REF_LPS	GATA3	59	-0.19277169051878357
REF_LPS	JUN	59	-0.13187611806797855
REF_LPS	JUND	59	-0.21424977638640433
REF_LPS	MAX	59	0.02664915026833632
REF_LPS	MEF2A	59	0.3848389982110913
REF_LPS	MYC	59	-0.10812276386404295
REF_LPS	NFIC	59	0.20498099284436497
REF_LPS	PBX3	59	0.07500000000000001
REF_LPS	TCF12	59	0.05363931127012523
REF_LPS	SPI1	59	0.14649485688729877
REF_LPS	SPIB	59	-0.10342128801431129
REF_LPS	ETV6	59	0.36368515205724516
REF_LPS	CEBPB	60	0.08746645796064402
REF_LPS	FOS	60	-0.009330277280858678
REF_LPS	FOSL2	60	-0.1342296511627907
REF_LPS	GATA2	60	-0.08638752236135959
REF_LPS	GATA3	60	-0.19358788014311273
REF_LPS	JUN	60	-0.1301207513416816
REF_LPS	JUND	60	-0.21242173524150273
REF_LPS	MAX	60	0.020460644007155637
REF_LPS	MEF2A	60	0.3783150715563507
REF_LPS	MYC	60	-0.10979427549194994
REF_LPS	NFIC	60	0.20366167262969592
REF_LPS	PBX3	60	0.07434033989266549
REF_LPS	TCF12	60	0.05327593917710197
REF_LPS	SPI1	60	0.14883161896243297
REF_LPS	SPIB	60	-0.09807133273703043
REF_LPS	ETV6	60	0.35961538461538467
REF_LPS	CEBPB	61	0.08956283542039357
REF_LPS	FOS	61	-0.009324686940966012
REF_LPS	FOSL2	61	-0.13274821109123439
REF_LPS	GATA2	61	-0.08493962432915923
REF_LPS	GATA3	61	-0.19478421288014314
REF_LPS	JUN	61	-0.13815966010733455
REF_LPS	JUND	61	-0.21371869409660113
REF_LPS	MAX	61	0.02254584078711986
REF_LPS	MEF2A	61	0.37977974060822905
REF_LPS	MYC	61	-0.10360017889087658
REF_LPS	NFIC	61	0.20780411449016103
REF_LPS	PBX3	61	0.08432468694096602
REF_LPS	TCF12	61	0.05761963327370306
REF_LPS	SPI1	61	0.1495024597495528
REF_LPS	SPIB	61	-0.106317084078712
REF_LPS	ETV6	61	0.35950916815742406
REF_LPS	CEBPB	62	0.0901554114490161
REF_LPS	FOS	62	-0.0038517441860465127
REF_LPS	FOSL2	62	-0.129830053667263
REF_LPS	GATA2	62	-0.10315295169946334
REF_LPS	GATA3	62	-0.2076475849731664
REF_LPS	JUN	62	-0.1437723613595707
REF_LPS	JUND	62	-0.2224116726296959
REF_LPS	MAX	62	0.02610688729874777
REF_LPS	MEF2A	62	0.37880702146690526
REF_LPS	MYC	62	-0.10957625223613597
REF_LPS	NFIC	62	0.19681350626118072
REF_LPS	PBX3	62	0.08175872093023256
REF_LPS	TCF12	62	0.05418716457960644
REF_LPS	SPI1	62	0.14898255813953493
REF_LPS	SPIB	62	-0.11075022361359571
REF_LPS	ETV6	62	0.36796735241502687
REF_LPS	CEBPB	63	0.09170952593917713
REF_LPS	FOS	63	-0.002387075134168158
REF_LPS	FOSL2	63	-0.12142777280858678
REF_LPS	GATA2	63	-0.09931797853309483
REF_LPS	GATA3	63	-0.1949351520572451
REF_LPS	JUN	63	-0.13613036672629697
REF_LPS	JUND	63	-0.22745415921288017
REF_LPS	MAX	63	0.01242732558139535
REF_LPS	MEF2A	63	0.3797182468694097
REF_LPS	MYC	63	-0.11668716457960647
REF_LPS	NFIC	63	0.2157479874776387
REF_LPS	PBX3	63	0.07352974060822899
REF_LPS	TCF12	63	0.07417822003577819
REF_LPS	SPI1	63	0.15262186940966013
REF_LPS	SPIB	63	-0.10608788014311271
REF_LPS	ETV6	63	0.36829159212880147
REF_LPS	CEBPB	64	0.08303890876565297
REF_LPS	FOS	64	-0.011012969588550985
REF_LPS	FOSL2	64	-0.13562164579606442
REF_LPS	GATA2	64	-0.0833911001788909
REF_LPS	GATA3	64	-0.18635398032200362
REF_LPS	JUN	64	-0.13133944543828266
REF_LPS	JUND	64	-0.21276274597495531
REF_LPS	MAX	64	0.028158542039355996
REF_LPS	MEF2A	64	0.3797070661896244
REF_LPS	MYC	64	-0.10891659212880145
REF_LPS	NFIC	64	0.19877012522361362
REF_LPS	PBX3	64	0.07673300536672631
REF_LPS	TCF12	64	0.05029628801431128
REF_LPS	SPI1	64	0.14382267441860466
REF_LPS	SPIB	64	-0.10498658318425762
REF_LPS	ETV6	64	0.35711091234347053
REF_LPS	CEBPB	65	0.07595035778175314
REF_LPS	FOS	65	-0.02492173524150269
REF_LPS	FOSL2	65	-0.13725402504472273
REF_LPS	GATA2	65	-0.07693425760286227
REF_LPS	GATA3	65	-0.18341905187835425
REF_LPS	JUN	65	-0.14335867620751344
REF_LPS	JUND	65	-0.21891211985688735
REF_LPS	MAX	65	0.025715563506261186
REF_LPS	MEF2A	65	0.381535107334526
REF_LPS	MYC	65	-0.09539915026833633
REF_LPS	NFIC	65	0.19192754919499108
REF_LPS	PBX3	65	0.0655299642218247
REF_LPS	TCF12	65	0.04148591234347049
REF_LPS	SPI1	65	0.13388864042933812
REF_LPS	SPIB	65	-0.10020684257602863
REF_LPS	ETV6	65	0.35373993738819326
REF_LPS	CEBPB	66	0.07997540250447228
REF_LPS	FOS	66	-0.005193425760286227
REF_LPS	FOSL2	66	-0.13253018783542042
REF_LPS	GATA2	66	-0.07966793381037568
REF_LPS	GATA3	66	-0.1809816636851521
REF_LPS	JUN	66	-0.14082625223613598
REF_LPS	JUND	66	-0.21228756708407875
REF_LPS	MAX	66	0.02970147584973167
REF_LPS	MEF2A	66	0.37326140429338106
REF_LPS	MYC	66	-0.0952258497316637
REF_LPS	NFIC	66	0.19150268336314852
REF_LPS	PBX3	66	0.0888305008944544
REF_LPS	TCF12	66	0.04760733452593919
REF_LPS	SPI1	66	0.13686829159212882
REF_LPS	SPIB	66	-0.09546064400715565
REF_LPS	ETV6	66	0.351839221824687
REF_LPS	CEBPB	67	0.1038405635062612
REF_LPS	FOS	67	0.0020181127012522367
REF_LPS	FOSL2	67	-0.12041592128801433
REF_LPS	GATA2	67	-0.07091905187835422
REF_LPS	GATA3	67	-0.20020684257602864
REF_LPS	JUN	67	-0.15303555456171736
REF_LPS	JUND	67	-0.21137634168157426
REF_LPS	MAX	67	0.012863372093023257
REF_LPS	MEF2A	67	0.3782983005366727
REF_LPS	MYC	67	-0.10943090339892667
REF_LPS	NFIC	67	0.22417262969588556
REF_LPS	PBX3	67	0.09008273703041146
REF_LPS	TCF12	67	0.057273032200357794
REF_LPS	SPI1	67	0.1601576475849732
REF_LPS	SPIB	67	-0.10975514311270126
REF_LPS	ETV6	67	0.38111583184257614
REF_LPS	CEBPB	68	0.07581059928443651
REF_LPS	FOS	68	-0.01989042933810376
REF_LPS	FOSL2	68	-0.13966905187835424
REF_LPS	GATA2	68	-0.08569432021466906
REF_LPS	GATA3	68	-0.182904740608229
REF_LPS	JUN	68	-0.14243067978533097
REF_LPS	JUND	68	-0.22117620751341682
REF_LPS	MAX	68	0.030193425760286233
REF_LPS	MEF2A	68	0.37456954382826485
REF_LPS	MYC	68	-0.09594700357781755
REF_LPS	NFIC	68	0.1931071109123435
REF_LPS	PBX3	68	0.07331171735241504
REF_LPS	TCF12	68	0.05271131484794277
REF_LPS	SPI1	68	0.13573345259391772
REF_LPS	SPIB	68	-0.11111918604651164
REF_LPS	ETV6	68	0.35305791592128805
REF_LPS	CEBPB	69	0.08408430232558141
REF_LPS	FOS	69	-0.014037343470483007
REF_LPS	FOSL2	69	-0.1373602415026834
REF_LPS	GATA2	69	-0.08677325581395351
REF_LPS	GATA3	69	-0.19132938282647588
REF_LPS	JUN	69	-0.13493403398926657
REF_LPS	JUND	69	-0.214171511627907
REF_LPS	MAX	69	0.026386404293381044
REF_LPS	MEF2A	69	0.3843750000000001
REF_LPS	MYC	69	-0.10597607334525941
REF_LPS	NFIC	69	0.20207401610017894
REF_LPS	PBX3	69	0.07819208407871199
REF_LPS	TCF12	69	0.054215116279069775
REF_LPS	SPI1	69	0.14419722719141329
REF_LPS	SPIB	69	-0.10321444543828266
REF_LPS	ETV6	69	0.35939736135957073
REF_LPS	CEBPB	70	0.0830165474060823
REF_LPS	FOS	70	-0.0068425760286225405
REF_LPS	FOSL2	70	-0.13333519677996425
REF_LPS	GATA2	70	-0.09874217352415028
REF_LPS	GATA3	70	-0.18497316636851524
REF_LPS	JUN	70	-0.14358228980322008
REF_LPS	JUND	70	-0.21759838998211092
REF_LPS	MAX	70	0.021142665474060827
REF_LPS	MEF2A	70	0.3822003577817532
REF_LPS	MYC	70	-0.10870415921288017
REF_LPS	NFIC	70	0.1968023255813954
REF_LPS	PBX3	70	0.0926375223613596
REF_LPS	TCF12	70	0.06292486583184258
REF_LPS	SPI1	70	0.14523703041144903
REF_LPS	SPIB	70	-0.11193537567084082
REF_LPS	ETV6	70	0.36190742397137754
REF_LPS	CEBPB	71	0.07979092128801432
REF_LPS	FOS	71	-0.014059704830053667
REF_LPS	FOSL2	71	-0.13564959749552774
REF_LPS	GATA2	71	-0.081300313059034
REF_LPS	GATA3	71	-0.18562723613595708
REF_LPS	JUN	71	-0.1407871198568873
REF_LPS	JUND	71	-0.22302101967799645
REF_LPS	MAX	71	0.028035554561717357
REF_LPS	MEF2A	71	0.3786225402504473
REF_LPS	MYC	71	-0.09951923076923079
REF_LPS	NFIC	71	0.19562276386404298
REF_LPS	PBX3	71	0.08064065295169948
REF_LPS	TCF12	71	0.05251565295169947
REF_LPS	SPI1	71	0.13878018783542043
REF_LPS	SPIB	71	-0.1046176207513417
REF_LPS	ETV6	71	0.35625559033989274
REF_LPS	CEBPB	72	0.08359235241502685
REF_LPS	FOS	72	-0.012801878354203938
REF_LPS	FOSL2	72	-0.13798635957066194
REF_LPS	GATA2	72	-0.08795840787119859
REF_LPS	GATA3	72	-0.19162008050089446
REF_LPS	JUN	72	-0.1371142665474061
REF_LPS	JUND	72	-0.21409883720930237
REF_LPS	MAX	72	0.023909883720930235
REF_LPS	MEF2A	72	0.3819152504472273
REF_LPS	MYC	72	-0.10444432021466907
REF_LPS	NFIC	72	0.20106775491949916
REF_LPS	PBX3	72	0.07919834525939179
REF_LPS	TCF12	72	0.056501565295169955
REF_LPS	SPI1	72	0.14510286225402508
REF_LPS	SPIB	72	-0.10174418604651166
REF_LPS	ETV6	72	0.3578488372093024
REF_LPS	CEBPB	73	0.07568761180679787
REF_LPS	FOS	73	-0.013142889087656531
REF_LPS	FOSL2	73	-0.14413014311270128
REF_LPS	GATA2	73	-0.09404628801431128
REF_LPS	GATA3	73	-0.18477750447227195
REF_LPS	JUN	73	-0.12983564400715567
REF_LPS	JUND	73	-0.21534548300536677
REF_LPS	MAX	73	0.029338103756708415
REF_LPS	MEF2A	73	0.3919499105545618
REF_LPS	MYC	73	-0.10273367620751343
REF_LPS	NFIC	73	0.19531529516994636
REF_LPS	PBX3	73	0.07955612701252238
REF_LPS	TCF12	73	0.06454606440071557
REF_LPS	SPI1	73	0.13725402504472273
REF_LPS	SPIB	73	-0.10041927549194993
REF_LPS	ETV6	73	0.35635062611806806
REF_LPS	CEBPB	74	0.09715451699463329
REF_LPS	FOS	74	-0.002319991055456172
REF_LPS	FOSL2	74	-0.12603421288014313
REF_LPS	GATA2	74	-0.0805232558139535
REF_LPS	GATA3	74	-0.2035051431127013
REF_LPS	JUN	74	-0.14471712880143114
REF_LPS	JUND	74	-0.21437835420393564
REF_LPS	MAX	74	0.014300089445438285
REF_LPS	MEF2A	74	0.3810990608228981
REF_LPS	MYC	74	-0.11522808586762077
REF_LPS	NFIC	74	0.21532871198568876
REF_LPS	PBX3	74	0.09149709302325583
REF_LPS	TCF12	74	0.044789803220035784
REF_LPS	SPI1	74	0.15760845259391773
REF_LPS	SPIB	74	-0.10574686940966013
REF_LPS	ETV6	74	0.3698065742397138
REF_LPS	CEBPB	75	0.08303890876565297
REF_LPS	FOS	75	-0.015244856887298751
REF_LPS	FOSL2	75	-0.13856216457960646
REF_LPS	GATA2	75	-0.08630925760286227
REF_LPS	GATA3	75	-0.19398479427549198
REF_LPS	JUN	75	-0.13529740608228985
REF_LPS	JUND	75	-0.21455165474060825
REF_LPS	MAX	75	0.026274597495527734
REF_LPS	MEF2A	75	0.3835979427549196
REF_LPS	MYC	75	-0.1052661001788909
REF_LPS	NFIC	75	0.20118515205724513
REF_LPS	PBX3	75	0.0800872093023256
REF_LPS	TCF12	75	0.051380813953488376
REF_LPS	SPI1	75	0.14414691413237926
REF_LPS	SPIB	75	-0.10484123434704831
REF_LPS	ETV6	75	0.3588886404293382
REF_LPS	CEBPB	76	0.08609682468694098
REF_LPS	FOS	76	-0.014747316636851523
REF_LPS	FOSL2	76	-0.13585644007155637
REF_LPS	GATA2	76	-0.08514646690518786
REF_LPS	GATA3	76	-0.18969700357781755
REF_LPS	JUN	76	-0.13616390876565296
REF_LPS	JUND	76	-0.22010845259391773
REF_LPS	MAX	76	0.02730322003577818
REF_LPS	MEF2A	76	0.3822506708407872
REF_LPS	MYC	76	-0.10302437388193204
REF_LPS	NFIC	76	0.2046176207513417
REF_LPS	PBX3	76	0.07612924865831844
REF_LPS	TCF12	76	0.050905635062611816
REF_LPS	SPI1	76	0.14381708407871202
REF_LPS	SPIB	76	-0.10703823792486584
REF_LPS	ETV6	76	0.3589445438282648
REF_LPS	CEBPB	77	0.0836817978533095
REF_LPS	FOS	77	-0.012885733452593919
REF_LPS	FOSL2	77	-0.1408709749552773
REF_LPS	GATA2	77	-0.0877124329159213
REF_LPS	GATA3	77	-0.19632155635062615
REF_LPS	JUN	77	-0.13422406082289806
REF_LPS	JUND	77	-0.21348389982110916
REF_LPS	MAX	77	0.027605098389982114
REF_LPS	MEF2A	77	0.38793045617173527
REF_LPS	MYC	77	-0.11266771019677997
REF_LPS	NFIC	77	0.20308586762075137
REF_LPS	PBX3	77	0.0784660107334526
REF_LPS	TCF12	77	0.04841234347048302
REF_LPS	SPI1	77	0.15052549194991058
REF_LPS	SPIB	77	-0.09677996422182471
REF_LPS	ETV6	77	0.3639814400715564
REF_LPS	CEBPB	78	0.08326252236135959
REF_LPS	FOS	78	-0.015194543828264762
REF_LPS	FOSL2	78	-0.1381987924865832
REF_LPS	GATA2	78	-0.08665585867620752
REF_LPS	GATA3	78	-0.19118962432915923
REF_LPS	JUN	78	-0.13513528622540255
REF_LPS	JUND	78	-0.21446779964221827
REF_LPS	MAX	78	0.026168381037567086
REF_LPS	MEF2A	78	0.38370974955277287
REF_LPS	MYC	78	-0.10638975849731666
REF_LPS	NFIC	78	0.20131372987477641
REF_LPS	PBX3	78	0.07751565295169949
REF_LPS	TCF12	78	0.0555064847942755
REF_LPS	SPI1	78	0.1439456618962433
REF_LPS	SPIB	78	-0.10184481216457962
REF_LPS	ETV6	78	0.35822338998211095
REF_LPS	CEBPB	79	0.08083072450805011
REF_LPS	FOS	79	-0.002403846153846154
REF_LPS	FOSL2	79	-0.13412343470483007
REF_LPS	GATA2	79	-0.09778622540250449
REF_LPS	GATA3	79	-0.17823121645796067
REF_LPS	JUN	79	-0.12863931127012523
REF_LPS	JUND	79	-0.2075357781753131
REF_LPS	MAX	79	0.026637969588550987
REF_LPS	MEF2A	79	0.37617956171735245
REF_LPS	MYC	79	-0.11082289803220037
REF_LPS	NFIC	79	0.2122093023255814
REF_LPS	PBX3	79	0.08849508050089447
REF_LPS	TCF12	79	0.07293157423971378
REF_LPS	SPI1	79	0.1424754025044723
REF_LPS	SPIB	79	-0.1002292039355993
REF_LPS	ETV6	79	0.3556741949910555
REF_LPS	CEBPB	80	0.09178220035778177
REF_LPS	FOS	80	-0.003130590339892666
REF_LPS	FOSL2	80	-0.13480545617173526
REF_LPS	GATA2	80	-0.07529628801431129
REF_LPS	GATA3	80	-0.18053443649373885
REF_LPS	JUN	80	-0.13464892665474065
REF_LPS	JUND	80	-0.19724396243291595
REF_LPS	MAX	80	0.04575693202146691
REF_LPS	MEF2A	80	0.367548076923077
REF_LPS	MYC	80	-0.08702482110912345
REF_LPS	NFIC	80	0.22351296958855105
REF_LPS	PBX3	80	0.06768783542039357
REF_LPS	TCF12	80	0.03950693202146691
REF_LPS	SPI1	80	0.14736135957066193
REF_LPS	SPIB	80	-0.09428108228980324
REF_LPS	ETV6	80	0.3520292933810376
REF_LPS	CEBPB	81	0.08420728980322005
REF_LPS	FOS	81	-0.01878913237924866
REF_LPS	FOSL2	81	-0.13464892665474065
REF_LPS	GATA2	81	-0.08173076923076925
REF_LPS	GATA3	81	-0.1937891323792487
REF_LPS	JUN	81	-0.12777839892665477
REF_LPS	JUND	81	-0.2149150268336315
REF_LPS	MAX	81	0.02687276386404294
REF_LPS	MEF2A	81	0.39350961538461543
REF_LPS	MYC	81	-0.11285219141323795
REF_LPS	NFIC	81	0.2083463774597496
REF_LPS	PBX3	81	0.07203152951699464
REF_LPS	TCF12	81	0.050307468694096615
REF_LPS	SPI1	81	0.15054226296958856
REF_LPS	SPIB	81	-0.10502571556350628
REF_LPS	ETV6	81	0.3691077817531307
REF_LPS	CEBPB	82	0.08963550983899823
REF_LPS	FOS	82	-0.014613148479427551
REF_LPS	FOSL2	82	-0.13174754025044724
REF_LPS	GATA2	82	-0.07975178890876568
REF_LPS	GATA3	82	-0.19255366726296963
REF_LPS	JUN	82	-0.12478197674418606
REF_LPS	JUND	82	-0.21123658318425764
REF_LPS	MAX	82	0.025765876565295172
REF_LPS	MEF2A	82	0.38382155635062615
REF_LPS	MYC	82	-0.11448457066189625
REF_LPS	NFIC	82	0.20135845259391774
REF_LPS	PBX3	82	0.0678443649373882
REF_LPS	TCF12	82	0.051162790697674425
REF_LPS	SPI1	82	0.15041927549194994
REF_LPS	SPIB	82	-0.1112254025044723
REF_LPS	ETV6	82	0.35531641323792496
REF_LPS	CEBPB	83	0.08501788908765655
REF_LPS	FOS	83	-0.011963327370304117
REF_LPS	FOSL2	83	-0.13775156529516996
REF_LPS	GATA2	83	-0.08732110912343471
REF_LPS	GATA3	83	-0.19306797853309485
REF_LPS	JUN	83	-0.13665585867620755
REF_LPS	JUND	83	-0.21375782647584976
REF_LPS	MAX	83	0.02530187835420394
REF_LPS	MEF2A	83	0.3808027728085868
REF_LPS	MYC	83	-0.10562388193202148
REF_LPS	NFIC	83	0.20299642218246872
REF_LPS	PBX3	83	0.08080836314847945
REF_LPS	TCF12	83	0.05495304114490162
REF_LPS	SPI1	83	0.14626006261180682
REF_LPS	SPIB	83	-0.10380143112701254
REF_LPS	ETV6	83	0.3628298300536673
REF_LPS	CEBPB	84	0.0904796511627907
REF_LPS	FOS	84	-0.011024150268336317
REF_LPS	FOSL2	84	-0.12700134168157426
REF_LPS	GATA2	84	-0.10264982110912345
REF_LPS	GATA3	84	-0.19052437388193205
REF_LPS	JUN	84	-0.11701140429338107
REF_LPS	JUND	84	-0.21434481216457965
REF_LPS	MAX	84	0.02293157423971378
REF_LPS	MEF2A	84	0.3713662790697675
REF_LPS	MYC	84	-0.11140988372093025
REF_LPS	NFIC	84	0.2062388193202147
REF_LPS	PBX3	84	0.0883105992844365
REF_LPS	TCF12	84	0.040602638640429345
REF_LPS	SPI1	84	0.1410778175313059
REF_LPS	SPIB	84	-0.10858117173524151
REF_LPS	ETV6	84	0.34864154740608233
REF_LPS	CEBPB	85	0.07952258497316637
REF_LPS	FOS	85	-0.010196779964221825
REF_LPS	FOSL2	85	-0.13344141323792488
REF_LPS	GATA2	85	-0.08447003577817533
REF_LPS	GATA3	85	-0.18296623434704834
REF_LPS	JUN	85	-0.1432245080500895
REF_LPS	JUND	85	-0.2184033989266548
REF_LPS	MAX	85	0.03011516100178891
REF_LPS	MEF2A	85	0.3728029964221825
REF_LPS	MYC	85	-0.10892218246869413
REF_LPS	NFIC	85	0.19833407871198572
REF_LPS	PBX3	85	0.08318984794275493
REF_LPS	TCF12	85	0.045667486583184265
REF_LPS	SPI1	85	0.13990384615384618
REF_LPS	SPIB	85	-0.09862477638640431
REF_LPS	ETV6	85	0.351721824686941
REF_LPS	CEBPB	86	0.08559369409660109
REF_LPS	FOS	86	-0.012544722719141326
REF_LPS	FOSL2	86	-0.13686270125223618
REF_LPS	GATA2	86	-0.08564400715563508
REF_LPS	GATA3	86	-0.19279405187835424
REF_LPS	JUN	86	-0.137684481216458
REF_LPS	JUND	86	-0.2139982110912344
REF_LPS	MAX	86	0.024765205724508053
REF_LPS	MEF2A	86	0.381350626118068
REF_LPS	MYC	86	-0.10740720035778177
REF_LPS	NFIC	86	0.20252124329159216
REF_LPS	PBX3	86	0.07923747763864045
REF_LPS	TCF12	86	0.05518783542039357
REF_LPS	SPI1	86	0.14577370304114493
REF_LPS	SPIB	86	-0.10609347048300538
REF_LPS	ETV6	86	0.36046511627906985
REF_LPS	CEBPB	87	0.0840395796064401
REF_LPS	FOS	87	-0.0024373881932021474
REF_LPS	FOSL2	87	-0.12544722719141324
REF_LPS	GATA2	87	-0.09481775491949912
REF_LPS	GATA3	87	-0.17905858676207514
REF_LPS	JUN	87	-0.13036672629695886
REF_LPS	JUND	87	-0.20057580500894456
REF_LPS	MAX	87	0.020997316636851525
REF_LPS	MEF2A	87	0.36701140429338114
REF_LPS	MYC	87	-0.1080836314847943
REF_LPS	NFIC	87	0.21026945438282652
REF_LPS	PBX3	87	0.08213327370304116
REF_LPS	TCF12	87	0.05147584973166369
REF_LPS	SPI1	87	0.161029740608229
REF_LPS	SPIB	87	-0.11069991055456173
REF_LPS	ETV6	87	0.3576364042933811
REF_LPS	CEBPB	88	0.09146355098389984
REF_LPS	FOS	88	-0.010314177101967801
REF_LPS	FOSL2	88	-0.12896355098389983
REF_LPS	GATA2	88	-0.08099843470483006
REF_LPS	GATA3	88	-0.1937555903398927
REF_LPS	JUN	88	-0.1408542039355993
REF_LPS	JUND	88	-0.20687611806797856
REF_LPS	MAX	88	0.0323680679785331
REF_LPS	MEF2A	88	0.37649262075134177
REF_LPS	MYC	88	-0.10517106440071558
REF_LPS	NFIC	88	0.20357781753130594
REF_LPS	PBX3	88	0.08606887298747766
REF_LPS	TCF12	88	0.05206842576028624
REF_LPS	SPI1	88	0.14879248658318428
REF_LPS	SPIB	88	-0.09494633273703042
REF_LPS	ETV6	88	0.35949239713774606
REF_LPS	CEBPB	89	0.08644342576028624
REF_LPS	FOS	89	-0.0275100626118068
REF_LPS	FOSL2	89	-0.13069096601073346
REF_LPS	GATA2	89	-0.10470147584973168
REF_LPS	GATA3	89	-0.18369297853309483
REF_LPS	JUN	89	-0.12534660107334528
REF_LPS	JUND	89	-0.21044275491949915
REF_LPS	MAX	89	0.04266547406082291
REF_LPS	MEF2A	89	0.3794443202146691
REF_LPS	MYC	89	-0.12345706618962435
REF_LPS	NFIC	89	0.19601967799642223
REF_LPS	PBX3	89	0.0671343917710197
REF_LPS	TCF12	89	0.06744745080500895
REF_LPS	SPI1	89	0.13815966010733455
REF_LPS	SPIB	89	-0.11710644007155636
REF_LPS	ETV6	89	0.3552884615384616
REF_LPS	CEBPB	90	0.08231775491949912
REF_LPS	FOS	90	0.0030076028622540254
REF_LPS	FOSL2	90	-0.1264255366726297
REF_LPS	GATA2	90	-0.07196444543828266
REF_LPS	GATA3	90	-0.1984179338103757
REF_LPS	JUN	90	-0.14627124329159216
REF_LPS	JUND	90	-0.21756484794275496
REF_LPS	MAX	90	0.01897920393559929
REF_LPS	MEF2A	90	0.3789803220035779
REF_LPS	MYC	90	-0.1158374329159213
REF_LPS	NFIC	90	0.2039691413237925
REF_LPS	PBX3	90	0.09098837209302327
REF_LPS	TCF12	90	0.06686046511627908
REF_LPS	SPI1	90	0.15244856887298752
REF_LPS	SPIB	90	-0.11706171735241505
REF_LPS	ETV6	90	0.362852191413238
REF_LPS	CEBPB	91	0.0803611359570662
REF_LPS	FOS	91	-0.0044331395348837215
REF_LPS	FOSL2	91	-0.12375335420393561
REF_LPS	GATA2	91	-0.11284660107334527
REF_LPS	GATA3	91	-0.18964669051878358
REF_LPS	JUN	91	-0.14719923971377463
REF_LPS	JUND	91	-0.20357781753130594
REF_LPS	MAX	91	0.04232446332737031
REF_LPS	MEF2A	91	0.37376453488372097
REF_LPS	MYC	91	-0.11743627012522362
REF_LPS	NFIC	91	0.19675760286225408
REF_LPS	PBX3	91	0.10023479427549196
REF_LPS	TCF12	91	0.06803443649373883
REF_LPS	SPI1	91	0.1456171735241503
REF_LPS	SPIB	91	-0.10200693202146692
REF_LPS	ETV6	91	0.3482110912343471
REF_LPS	CEBPB	92	0.08477750447227193
REF_LPS	FOS	92	-0.01495974955277281
REF_LPS	FOSL2	92	-0.14161449016100183
REF_LPS	GATA2	92	-0.0939624329159213
REF_LPS	GATA3	92	-0.19816636851520575
REF_LPS	JUN	92	-0.14159212880143116
REF_LPS	JUND	92	-0.22917039355992846
REF_LPS	MAX	92	0.021081171735241506
REF_LPS	MEF2A	92	0.39391211985688734
REF_LPS	MYC	92	-0.10073792486583186
REF_LPS	NFIC	92	0.1949351520572451
REF_LPS	PBX3	92	0.08021019677996424
REF_LPS	TCF12	92	0.04818313953488373
REF_LPS	SPI1	92	0.14252571556350627
REF_LPS	SPIB	92	-0.10136963327370306
REF_LPS	ETV6	92	0.35813394454382835
REF_LPS	CEBPB	93	0.09184369409660109
REF_LPS	FOS	93	-0.004192754919499106
REF_LPS	FOSL2	93	-0.1299418604651163
REF_LPS	GATA2	93	-0.0822059481216458
REF_LPS	GATA3	93	-0.1963774597495528
REF_LPS	JUN	93	-0.14112254025044724
REF_LPS	JUND	93	-0.21002347942754923
REF_LPS	MAX	93	0.023775715563506265
REF_LPS	MEF2A	93	0.3790585867620752
REF_LPS	MYC	93	-0.11172294275491951
REF_LPS	NFIC	93	0.2065127459749553
REF_LPS	PBX3	93	0.08623658318425761
REF_LPS	TCF12	93	0.06001229874776388
REF_LPS	SPI1	93	0.1539411896243292
REF_LPS	SPIB	93	-0.10348278175313061
REF_LPS	ETV6	93	0.3633553220035779
REF_LPS	CEBPB	94	0.08981440071556353
REF_LPS	FOS	94	-0.014439847942754923
REF_LPS	FOSL2	94	-0.13146243291592133
REF_LPS	GATA2	94	-0.08800872093023257
REF_LPS	GATA3	94	-0.19141882826475853
REF_LPS	JUN	94	-0.1354930679785331
REF_LPS	JUND	94	-0.2099172629695886
REF_LPS	MAX	94	0.019795393559928445
REF_LPS	MEF2A	94	0.38190966010733457
REF_LPS	MYC	94	-0.11317643112701255
REF_LPS	NFIC	94	0.20412567084078717
REF_LPS	PBX3	94	0.07482110912343472
REF_LPS	TCF12	94	0.050458407871198575
REF_LPS	SPI1	94	0.1462824239713775
REF_LPS	SPIB	94	-0.10868738819320217
REF_LPS	ETV6	94	0.36514982110912353
REF_LPS	CEBPB	95	0.07481551878354206
REF_LPS	FOS	95	-0.021366279069767447
REF_LPS	FOSL2	95	-0.14203376565295173
REF_LPS	GATA2	95	-0.10114601967799644
REF_LPS	GATA3	95	-0.1813059033989267
REF_LPS	JUN	95	-0.12752124329159215
REF_LPS	JUND	95	-0.20393000894454386
REF_LPS	MAX	95	0.011359570661896246
REF_LPS	MEF2A	95	0.3834302325581396
REF_LPS	MYC	95	-0.11169499105545617
REF_LPS	NFIC	95	0.19414691413237928
REF_LPS	PBX3	95	0.07280858676207515
REF_LPS	TCF12	95	0.07328935599284438
REF_LPS	SPI1	95	0.13250782647584977
REF_LPS	SPIB	95	-0.08895348837209303
REF_LPS	ETV6	95	0.3574798747763865
REF_LPS	CEBPB	96	0.08189288908765655
REF_LPS	FOS	96	-0.019851296958855104
REF_LPS	FOSL2	96	-0.14088215563506265
REF_LPS	GATA2	96	-0.09196109123434706
REF_LPS	GATA3	96	-0.1864546064400716
REF_LPS	JUN	96	-0.12704047406082292
REF_LPS	JUND	96	-0.20926319320214673
REF_LPS	MAX	96	0.03215004472271915
REF_LPS	MEF2A	96	0.3853644901610018
REF_LPS	MYC	96	-0.10266659212880146
REF_LPS	NFIC	96	0.20033542039355998
REF_LPS	PBX3	96	0.07203152951699464
REF_LPS	TCF12	96	0.05372316636851522
REF_LPS	SPI1	96	0.14051319320214672
REF_LPS	SPIB	96	-0.09569543828264761
REF_LPS	ETV6	96	0.35523255813953497
REF_LPS	CEBPB	97	0.07768336314847944
REF_LPS	FOS	97	-0.029394007155635067
REF_LPS	FOSL2	97	-0.13761180679785331
REF_LPS	GATA2	97	-0.10707737030411452
REF_LPS	GATA3	97	-0.1812555903398927
REF_LPS	JUN	97	-0.11956618962432919
REF_LPS	JUND	97	-0.21310934704830056
REF_LPS	MAX	97	0.03403957960644008
REF_LPS	MEF2A	97	0.39009391771019686
REF_LPS	MYC	97	-0.10843582289803223
REF_LPS	NFIC	97	0.20393000894454386
REF_LPS	PBX3	97	0.06406529516994634
REF_LPS	TCF12	97	0.06976744186046513
REF_LPS	SPI1	97	0.13323457066189628
REF_LPS	SPIB	97	-0.11016882826475852
REF_LPS	ETV6	97	0.3510789355992845
REF_LPS	CEBPB	98	0.08212768336314849
REF_LPS	FOS	98	-0.011901833631484797
REF_LPS	FOSL2	98	-0.1369689177101968
REF_LPS	GATA2	98	-0.09168157423971379
REF_LPS	GATA3	98	-0.19677996422182473
REF_LPS	JUN	98	-0.13853980322003578
REF_LPS	JUND	98	-0.21699463327370308
REF_LPS	MAX	98	0.028851744186046517
REF_LPS	MEF2A	98	0.3822283094812165
REF_LPS	MYC	98	-0.10438282647584975
REF_LPS	NFIC	98	0.19882043828264762
REF_LPS	PBX3	98	0.07998099284436495
REF_LPS	TCF12	98	0.05193425760286226
REF_LPS	SPI1	98	0.14415250447227193
REF_LPS	SPIB	98	-0.10541703935599286
REF_LPS	ETV6	98	0.36611135957066193
REF_LPS	CEBPB	99	0.08822674418604652
REF_LPS	FOS	99	-0.010174418604651164
REF_LPS	FOSL2	99	-0.1357055008944544
REF_LPS	GATA2	99	-0.08456507155635064
REF_LPS	GATA3	99	-0.1981607781753131
REF_LPS	JUN	99	-0.13952370304114492
REF_LPS	JUND	99	-0.21842576028622543
REF_LPS	MAX	99	0.021550760286225407
REF_LPS	MEF2A	99	0.3883217799642219
REF_LPS	MYC	99	-0.1074519230769231
REF_LPS	NFIC	99	0.20257714669051882
REF_LPS	PBX3	99	0.08549306797853312
REF_LPS	TCF12	99	0.05201811270125224
REF_LPS	SPI1	99	0.14756820214669056
REF_LPS	SPIB	99	-0.10360576923076925
REF_LPS	ETV6	99	0.36691636851520576
REF_LPS	CEBPB	100	0.0747428443649374
REF_LPS	FOS	100	-0.014719364937388195
REF_LPS	FOSL2	100	-0.14841793381037569
REF_LPS	GATA2	100	-0.09273255813953489
REF_LPS	GATA3	100	-0.18566636851520577
REF_LPS	JUN	100	-0.14329718246869413
REF_LPS	JUND	100	-0.22365272808586764
REF_LPS	MAX	100	0.021455724508050094
REF_LPS	MEF2A	100	0.3750950357781754
REF_LPS	MYC	100	-0.09557245080500895
REF_LPS	NFIC	100	0.19714333631484798
REF_LPS	PBX3	100	0.08485576923076925
REF_LPS	TCF12	100	0.06458519677996423
REF_LPS	SPI1	100	0.13667262969588553
REF_LPS	SPIB	100	-0.10751900715563509
REF_LPS	ETV6	100	0.35315295169946337
REF_LPS	CEBPB	101	0.07590004472271916
REF_LPS	FOS	101	-0.01821332737030412
REF_LPS	FOSL2	101	-0.14661225402504474
REF_LPS	GATA2	101	-0.09894901610017891
REF_LPS	GATA3	101	-0.18256372987477643
REF_LPS	JUN	101	-0.13457625223613598
REF_LPS	JUND	101	-0.20573009838998213
REF_LPS	MAX	101	0.017274150268336317
REF_LPS	MEF2A	101	0.3810040250447228
REF_LPS	MYC	101	-0.09779181574239715
REF_LPS	NFIC	101	0.19413573345259394
REF_LPS	PBX3	101	0.07721377459749555
REF_LPS	TCF12	101	0.0662567084078712
REF_LPS	SPI1	101	0.13575022361359573
REF_LPS	SPIB	101	-0.10364490161001791
REF_LPS	ETV6	101	0.3560152057245081
REF_LPS	CEBPB	102	0.07984682468694097
REF_LPS	FOS	102	-0.002789579606440072
REF_LPS	FOSL2	102	-0.12943313953488372
REF_LPS	GATA2	102	-0.08390541144901612
REF_LPS	GATA3	102	-0.18827146690518787
REF_LPS	JUN	102	-0.13217799642218248
REF_LPS	JUND	102	-0.21796176207513424
REF_LPS	MAX	102	0.025838550983899828
REF_LPS	MEF2A	102	0.3770125223613597
REF_LPS	MYC	102	-0.10216905187835422
REF_LPS	NFIC	102	0.21023032200357786
REF_LPS	PBX3	102	0.08260845259391773
REF_LPS	TCF12	102	0.04813282647584974
REF_LPS	SPI1	102	0.14849060822898033
REF_LPS	SPIB	102	-0.10502571556350628
REF_LPS	ETV6	102	0.3682189177101969
REF_LPS	CEBPB	103	0.10455612701252238
REF_LPS	FOS	103	0.00287902504472272
REF_LPS	FOSL2	103	-0.12084637745974956
REF_LPS	GATA2	103	-0.08403398926654743
REF_LPS	GATA3	103	-0.18294946332737033
REF_LPS	JUN	103	-0.12627459749552775
REF_LPS	JUND	103	-0.1996813506261181
REF_LPS	MAX	103	0.022271914132379254
REF_LPS	MEF2A	103	0.3857334525939178
REF_LPS	MYC	103	-0.09904964221824689
REF_LPS	NFIC	103	0.21547406082289805
REF_LPS	PBX3	103	0.08032200357781755
REF_LPS	TCF12	103	0.044353756708407875
REF_LPS	SPI1	103	0.15713886404293384
REF_LPS	SPIB	103	-0.10257155635062613
REF_LPS	ETV6	103	0.35671958855098396
REF_LPS	CEBPB	104	0.07970706618962434
REF_LPS	FOS	104	-0.011644677996422185
REF_LPS	FOSL2	104	-0.14078152951699466
REF_LPS	GATA2	104	-0.0849116726296959
REF_LPS	GATA3	104	-0.19712656529517
REF_LPS	JUN	104	-0.14162567084078714
REF_LPS	JUND	104	-0.2155523255813954
REF_LPS	MAX	104	0.02442419499105546
REF_LPS	MEF2A	104	0.3774597495527729
REF_LPS	MYC	104	-0.10973837209302327
REF_LPS	NFIC	104	0.19660107334525942
REF_LPS	PBX3	104	0.0746478085867621
REF_LPS	TCF12	104	0.056775491949910564
REF_LPS	SPI1	104	0.14575693202146692
REF_LPS	SPIB	104	-0.1053946779964222
REF_LPS	ETV6	104	0.35495863148479434
REF_LPS	CEBPB	105	0.0686549642218247
REF_LPS	FOS	105	-0.018095930232558143
REF_LPS	FOSL2	105	-0.15534995527728088
REF_LPS	GATA2	105	-0.1029181574239714
REF_LPS	GATA3	105	-0.17697338998211093
REF_LPS	JUN	105	-0.1348949016100179
REF_LPS	JUND	105	-0.2258497316636852
REF_LPS	MAX	105	0.04383944543828266
REF_LPS	MEF2A	105	0.37003018783542047
REF_LPS	MYC	105	-0.09104427549194993
REF_LPS	NFIC	105	0.189205053667263
REF_LPS	PBX3	105	0.06725737924865834
REF_LPS	TCF12	105	0.03736024150268337
REF_LPS	SPI1	105	0.1303164132379249
REF_LPS	SPIB	105	-0.08866279069767444
REF_LPS	ETV6	105	0.35257714669051887
REF_LPS	CEBPB	106	0.0827090787119857
REF_LPS	FOS	106	-0.01499888193202147
REF_LPS	FOSL2	106	-0.13897025939177104
REF_LPS	GATA2	106	-0.09102750447227193
REF_LPS	GATA3	106	-0.1893504025044723
REF_LPS	JUN	106	-0.1379080948121646
REF_LPS	JUND	106	-0.21298076923076928
REF_LPS	MAX	106	0.023160778175313063
REF_LPS	MEF2A	106	0.38037231663685156
REF_LPS	MYC	106	-0.10659660107334527
REF_LPS	NFIC	106	0.19821668157423974
REF_LPS	PBX3	106	0.076604427549195
REF_LPS	TCF12	106	0.05644007155635064
REF_LPS	SPI1	106	0.14345371198568876
REF_LPS	SPIB	106	-0.10606551878354206
REF_LPS	ETV6	106	0.3575245974955278
REF_LPS	CEBPB	107	0.08066860465116281
REF_LPS	FOS	107	-0.016519454382826478
REF_LPS	FOSL2	107	-0.14288908765652955
REF_LPS	GATA2	107	-0.08520796064400717
REF_LPS	GATA3	107	-0.18884727191413242
REF_LPS	JUN	107	-0.1372596153846154
REF_LPS	JUND	107	-0.21714557245080504
REF_LPS	MAX	107	0.02616279069767442
REF_LPS	MEF2A	107	0.38117732558139544
REF_LPS	MYC	107	-0.10276721824686942
REF_LPS	NFIC	107	0.19806574239713778
REF_LPS	PBX3	107	0.0777057245080501
REF_LPS	TCF12	107	0.05636180679785332
REF_LPS	SPI1	107	0.14094364937388196
REF_LPS	SPIB	107	-0.10489154740608231
REF_LPS	ETV6	107	0.35834078711985695
REF_LPS	CEBPB	108	0.08321220930232559
REF_LPS	FOS	108	-0.01971712880143113
REF_LPS	FOSL2	108	-0.140725626118068
REF_LPS	GATA2	108	-0.08557133273703042
REF_LPS	GATA3	108	-0.19099396243291594
REF_LPS	JUN	108	-0.13516323792486584
REF_LPS	JUND	108	-0.20747987477638644
REF_LPS	MAX	108	0.033586762075134176
REF_LPS	MEF2A	108	0.38874664579606444
REF_LPS	MYC	108	-0.0971042039355993
REF_LPS	NFIC	108	0.20148144007155638
REF_LPS	PBX3	108	0.07004136851520575
REF_LPS	TCF12	108	0.053074686940966016
REF_LPS	SPI1	108	0.14329159212880146
REF_LPS	SPIB	108	-0.09388975849731665
REF_LPS	ETV6	108	0.3617173524150269
REF_LPS	CEBPB	109	0.0849619856887299
REF_LPS	FOS	109	-0.01281305903398927
REF_LPS	FOSL2	109	-0.1373602415026834
REF_LPS	GATA2	109	-0.08562723613595709
REF_LPS	GATA3	109	-0.1947618515205725
REF_LPS	JUN	109	-0.13621422182468698
REF_LPS	JUND	109	-0.21394230769230774
REF_LPS	MAX	109	0.025838550983899828
REF_LPS	MEF2A	109	0.38184816636851526
REF_LPS	MYC	109	-0.10583631484794277
REF_LPS	NFIC	109	0.2033542039355993
REF_LPS	PBX3	109	0.07861135957066191
REF_LPS	TCF12	109	0.053773479427549196
REF_LPS	SPI1	109	0.1451811270125224
REF_LPS	SPIB	109	-0.10604874776386407
REF_LPS	ETV6	109	0.36314288908765663
REF_LPS	CEBPB	110	0.09509168157423972
REF_LPS	FOS	110	0.004198345259391772
REF_LPS	FOSL2	110	-0.12492732558139537
REF_LPS	GATA2	110	-0.0803779069767442
REF_LPS	GATA3	110	-0.21066077817531312
REF_LPS	JUN	110	-0.13420169946332738
REF_LPS	JUND	110	-0.2084581842576029
REF_LPS	MAX	110	0.010560152057245082
REF_LPS	MEF2A	110	0.37651498211091244
REF_LPS	MYC	110	-0.12007491055456174
REF_LPS	NFIC	110	0.19432580500894459
REF_LPS	PBX3	110	0.09828376565295172
REF_LPS	TCF12	110	0.06000670840787121
REF_LPS	SPI1	110	0.1525156529516995
REF_LPS	SPIB	110	-0.09544387298747765
REF_LPS	ETV6	110	0.3654852415026834
REF_LPS	CEBPB	111	0.0963103756708408
REF_LPS	FOS	111	-0.012041592128801433
REF_LPS	FOSL2	111	-0.12989713774597497
REF_LPS	GATA2	111	-0.08580612701252238
REF_LPS	GATA3	111	-0.1987421735241503
REF_LPS	JUN	111	-0.13604092128801434
REF_LPS	JUND	111	-0.20973278175313065
REF_LPS	MAX	111	0.04063618067978534
REF_LPS	MEF2A	111	0.38588439177101974
REF_LPS	MYC	111	-0.09925089445438284
REF_LPS	NFIC	111	0.2034212880143113
REF_LPS	PBX3	111	0.0831451252236136
REF_LPS	TCF12	111	0.04248658318425761
REF_LPS	SPI1	111	0.15418716457960646
REF_LPS	SPIB	111	-0.0949016100178891
REF_LPS	ETV6	111	0.3753969141323793
REF_LPS	CEBPB	112	0.08401162790697676
REF_LPS	FOS	112	-0.012908094812164582
REF_LPS	FOSL2	112	-0.13753913237924867
REF_LPS	GATA2	112	-0.08666144901610019
REF_LPS	GATA3	112	-0.19216234347048303
REF_LPS	JUN	112	-0.13558251341681576
REF_LPS	JUND	112	-0.2135062611806798
REF_LPS	MAX	112	0.0253242397137746
REF_LPS	MEF2A	112	0.3810711091234348
REF_LPS	MYC	112	-0.10607110912343472
REF_LPS	NFIC	112	0.20399709302325586
REF_LPS	PBX3	112	0.07912567084078714
REF_LPS	TCF12	112	0.05372316636851522
REF_LPS	SPI1	112	0.14505813953488375
REF_LPS	SPIB	112	-0.10439400715563509
REF_LPS	ETV6	112	0.35957066189624337
REF_LPS	CEBPB	113	0.08657200357781755
REF_LPS	FOS	113	-0.008614713774597499
REF_LPS	FOSL2	113	-0.13444767441860467
REF_LPS	GATA2	113	-0.08516882826475852
REF_LPS	GATA3	113	-0.1922182468694097
REF_LPS	JUN	113	-0.13424083184257604
REF_LPS	JUND	113	-0.21465787119856894
REF_LPS	MAX	113	0.02664915026833632
REF_LPS	MEF2A	113	0.3801990161001789
REF_LPS	MYC	113	-0.10239825581395351
REF_LPS	NFIC	113	0.20472942754919504
REF_LPS	PBX3	113	0.08067978533094813
REF_LPS	TCF12	113	0.052806350626118076
REF_LPS	SPI1	113	0.14568425760286227
REF_LPS	SPIB	113	-0.103242397137746
REF_LPS	ETV6	113	0.36169499105545627
REF_LPS	CEBPB	114	0.08432468694096602
REF_LPS	FOS	114	-0.012628577817531308
REF_LPS	FOSL2	114	-0.1363372093023256
REF_LPS	GATA2	114	-0.08820997316636854
REF_LPS	GATA3	114	-0.1910219141323793
REF_LPS	JUN	114	-0.13578376565295172
REF_LPS	JUND	114	-0.21908542039356
REF_LPS	MAX	114	0.024480098389982115
REF_LPS	MEF2A	114	0.3863092576028623
REF_LPS	MYC	114	-0.1064624329159213
REF_LPS	NFIC	114	0.20407535778175315
REF_LPS	PBX3	114	0.08174754025044724
REF_LPS	TCF12	114	0.052862254025044735
REF_LPS	SPI1	114	0.14460532200357784
REF_LPS	SPIB	114	-0.10674754025044725
REF_LPS	ETV6	114	0.3612701252236136
REF_LPS	CEBPB	115	0.0838271466905188
REF_LPS	FOS	115	-0.010140876565295172
REF_LPS	FOSL2	115	-0.1342631932021467
REF_LPS	GATA2	115	-0.08898144007155637
REF_LPS	GATA3	115	-0.18850067084078714
REF_LPS	JUN	115	-0.12868962432915923
REF_LPS	JUND	115	-0.21238260286225405
REF_LPS	MAX	115	0.02587209302325582
REF_LPS	MEF2A	115	0.378527504472272
REF_LPS	MYC	115	-0.10002795169946334
REF_LPS	NFIC	115	0.20164915026833635
REF_LPS	PBX3	115	0.07809704830053668
REF_LPS	TCF12	115	0.059777504472271925
REF_LPS	SPI1	115	0.14434816636851525
REF_LPS	SPIB	115	-0.10299642218246871
REF_LPS	ETV6	115	0.35684816636851524
REF_LPS	CEBPB	116	0.08010957066189625
REF_LPS	FOS	116	-0.02177996422182469
REF_LPS	FOSL2	116	-0.1371981216457961
REF_LPS	GATA2	116	-0.07679449910554563
REF_LPS	GATA3	116	-0.19555008944543834
REF_LPS	JUN	116	-0.14708184257602866
REF_LPS	JUND	116	-0.22189177101967805
REF_LPS	MAX	116	0.03818761180679786
REF_LPS	MEF2A	116	0.3748658318425761
REF_LPS	MYC	116	-0.10910666368515207
REF_LPS	NFIC	116	0.1951643559928444
REF_LPS	PBX3	116	0.0680400268336315
REF_LPS	TCF12	116	0.052862254025044735
REF_LPS	SPI1	116	0.1379751788908766
REF_LPS	SPIB	116	-0.10330389087656532
REF_LPS	ETV6	116	0.3495527728085868
REF_LPS	CEBPB	117	0.08753354203935601
REF_LPS	FOS	117	-0.008832737030411451
REF_LPS	FOSL2	117	-0.1335811717352415
REF_LPS	GATA2	117	-0.08258609123434707
REF_LPS	GATA3	117	-0.19104427549194994
REF_LPS	JUN	117	-0.13548188729874777
REF_LPS	JUND	117	-0.21058251341681578
REF_LPS	MAX	117	0.022227191413237927
REF_LPS	MEF2A	117	0.3836538461538462
REF_LPS	MYC	117	-0.10931909660107335
REF_LPS	NFIC	117	0.20658542039355995
REF_LPS	PBX3	117	0.08234570661896244
REF_LPS	TCF12	117	0.060370080500894464
REF_LPS	SPI1	117	0.1477247316636852
REF_LPS	SPIB	117	-0.10443872987477641
REF_LPS	ETV6	117	0.36417151162790706
REF_LPS	CEBPB	118	0.08562723613595709
REF_LPS	FOS	118	-0.011784436493738821
REF_LPS	FOSL2	118	-0.13627012522361362
REF_LPS	GATA2	118	-0.08682356887298749
REF_LPS	GATA3	118	-0.1926095706618963
REF_LPS	JUN	118	-0.13629248658318427
REF_LPS	JUND	118	-0.2145907871198569
REF_LPS	MAX	118	0.025922406082289805
REF_LPS	MEF2A	118	0.381350626118068
REF_LPS	MYC	118	-0.10608228980322004
REF_LPS	NFIC	118	0.20354427549194995
REF_LPS	PBX3	118	0.08136739713774599
REF_LPS	TCF12	118	0.054215116279069775
REF_LPS	SPI1	118	0.1462153398926655
REF_LPS	SPIB	118	-0.10285666368515207
REF_LPS	ETV6	118	0.362718023255814
REF_LPS	CEBPB	119	0.08384950805008946
REF_LPS	FOS	119	-0.011527280858676209
REF_LPS	FOSL2	119	-0.13781864937388194
REF_LPS	GATA2	119	-0.0864825581395349
REF_LPS	GATA3	119	-0.19217352415026837
REF_LPS	JUN	119	-0.13701364042933814
REF_LPS	JUND	119	-0.21408206618962436
REF_LPS	MAX	119	0.026386404293381044
REF_LPS	MEF2A	119	0.3832177996422183
REF_LPS	MYC	119	-0.10565183363148481
REF_LPS	NFIC	119	0.2027895796064401
REF_LPS	PBX3	119	0.07996422182468695
REF_LPS	TCF12	119	0.053158542039356
REF_LPS	SPI1	119	0.14478980322003582
REF_LPS	SPIB	119	-0.10297406082289805
REF_LPS	ETV6	119	0.3614546064400716
REF_LPS	CEBPB	120	0.07456954382826476
REF_LPS	FOS	120	-0.013673971377459751
REF_LPS	FOSL2	120	-0.1487757155635063
REF_LPS	GATA2	120	-0.09781976744186048
REF_LPS	GATA3	120	-0.1857725849731664
REF_LPS	JUN	120	-0.13136180679785334
REF_LPS	JUND	120	-0.22655411449016105
REF_LPS	MAX	120	0.02483228980322004
REF_LPS	MEF2A	120	0.3815798300536673
REF_LPS	MYC	120	-0.1060431574239714
REF_LPS	NFIC	120	0.19392889087656534
REF_LPS	PBX3	120	0.07248434704830055
REF_LPS	TCF12	120	0.05305232558139535
REF_LPS	SPI1	120	0.13684593023255814
REF_LPS	SPIB	120	-0.10385733452593919
REF_LPS	ETV6	120	0.3547517889087657
REF_LPS	CEBPB	121	0.08936158318425762
REF_LPS	FOS	121	-0.005774821109123435
REF_LPS	FOSL2	121	-0.12896355098389983
REF_LPS	GATA2	121	-0.08518559928443652
REF_LPS	GATA3	121	-0.18658877459749557
REF_LPS	JUN	121	-0.12791815742397142
REF_LPS	JUND	121	-0.20687611806797856
REF_LPS	MAX	121	0.027733676207513422
REF_LPS	MEF2A	121	0.37787343470483015
REF_LPS	MYC	121	-0.10085532200357783
REF_LPS	NFIC	121	0.20393559928443653
REF_LPS	PBX3	121	0.07905299642218248
REF_LPS	TCF12	121	0.05231999105545618
REF_LPS	SPI1	121	0.14586314847942755
REF_LPS	SPIB	121	-0.09727191413237928
REF_LPS	ETV6	121	0.3553220035778176
REF_LPS	CEBPB	122	0.0847495527728086
REF_LPS	FOS	122	-0.01252795169946333
REF_LPS	FOSL2	122	-0.13553220035778177
REF_LPS	GATA2	122	-0.08740496422182471
REF_LPS	GATA3	122	-0.19178779069767446
REF_LPS	JUN	122	-0.13677325581395353
REF_LPS	JUND	122	-0.21355657423971383
REF_LPS	MAX	122	0.02603980322003578
REF_LPS	MEF2A	122	0.38233452593917716
REF_LPS	MYC	122	-0.10558474955277283
REF_LPS	NFIC	122	0.2026945438282648
REF_LPS	PBX3	122	0.07860576923076924
REF_LPS	TCF12	122	0.055098389982110925
REF_LPS	SPI1	122	0.14519789803220037
REF_LPS	SPIB	122	-0.10387969588550985
REF_LPS	ETV6	122	0.35987813059033996
REF_LPS	CEBPB	123	0.07661560822898034
REF_LPS	FOS	123	-0.03486694991055457
REF_LPS	FOSL2	123	-0.14651721824686945
REF_LPS	GATA2	123	-0.10277280858676209
REF_LPS	GATA3	123	-0.19296735241502688
REF_LPS	JUN	123	-0.11768224508050092
REF_LPS	JUND	123	-0.2147361359570662
REF_LPS	MAX	123	0.03394454382826476
REF_LPS	MEF2A	123	0.3770963774597496
REF_LPS	MYC	123	-0.08954606440071558
REF_LPS	NFIC	123	0.19640541144901613
REF_LPS	PBX3	123	0.062164579606440076
REF_LPS	TCF12	123	0.043811493738819325
REF_LPS	SPI1	123	0.13066301431127017
REF_LPS	SPIB	123	-0.0897529069767442
REF_LPS	ETV6	123	0.3486247763864044
REF_LPS	CEBPB	124	0.07952258497316637
REF_LPS	FOS	124	-0.005696556350626119
REF_LPS	FOSL2	124	-0.13174754025044724
REF_LPS	GATA2	124	-0.089070885509839
REF_LPS	GATA3	124	-0.19111694991055458
REF_LPS	JUN	124	-0.13784101073345262
REF_LPS	JUND	124	-0.21132043828264763
REF_LPS	MAX	124	0.021589892665474064
REF_LPS	MEF2A	124	0.3792039355992845
REF_LPS	MYC	124	-0.1072227191413238
REF_LPS	NFIC	124	0.203343023255814
REF_LPS	PBX3	124	0.08905411449016101
REF_LPS	TCF12	124	0.05376229874776387
REF_LPS	SPI1	124	0.145471824686941
REF_LPS	SPIB	124	-0.10063729874776389
REF_LPS	ETV6	124	0.35945885509839004
REF_LPS	CEBPB	125	0.08156305903398928
REF_LPS	FOS	125	-0.017603980322003582
REF_LPS	FOSL2	125	-0.13845594812164583
REF_LPS	GATA2	125	-0.08602974060822899
REF_LPS	GATA3	125	-0.1928667262969589
REF_LPS	JUN	125	-0.13832177996422185
REF_LPS	JUND	125	-0.21307021466905193
REF_LPS	MAX	125	0.03232893559928444
REF_LPS	MEF2A	125	0.38478868515205733
REF_LPS	MYC	125	-0.1023199910554562
REF_LPS	NFIC	125	0.1991279069767442
REF_LPS	PBX3	125	0.07328935599284438
REF_LPS	TCF12	125	0.05207960644007156
REF_LPS	SPI1	125	0.13940630590339895
REF_LPS	SPIB	125	-0.10650715563506263
REF_LPS	ETV6	125	0.3568761180679786
REF_LPS	CEBPB	126	0.09445438282647586
REF_LPS	FOS	126	-0.006311493738819321
REF_LPS	FOSL2	126	-0.12301542933810376
REF_LPS	GATA2	126	-0.07826475849731665
REF_LPS	GATA3	126	-0.181384168157424
REF_LPS	JUN	126	-0.1503298300536673
REF_LPS	JUND	126	-0.21881149373881933
REF_LPS	MAX	126	0.03228980322003579
REF_LPS	MEF2A	126	0.3692307692307693
REF_LPS	MYC	126	-0.09467799642218248
REF_LPS	NFIC	126	0.2086817978533095
REF_LPS	PBX3	126	0.08529181574239715
REF_LPS	TCF12	126	0.06954382826475851
REF_LPS	SPI1	126	0.15604874776386407
REF_LPS	SPIB	126	-0.12026498211091236
REF_LPS	ETV6	126	0.3566804561717353
REF_LPS	CEBPB	127	0.08283206618962434
REF_LPS	FOS	127	-0.005886627906976745
REF_LPS	FOSL2	127	-0.1337432915921288
REF_LPS	GATA2	127	-0.08457625223613596
REF_LPS	GATA3	127	-0.19954718246869413
REF_LPS	JUN	127	-0.14813282647584974
REF_LPS	JUND	127	-0.2176039803220036
REF_LPS	MAX	127	0.021455724508050094
REF_LPS	MEF2A	127	0.3788405635062612
REF_LPS	MYC	127	-0.10780411449016103
REF_LPS	NFIC	127	0.2053499552772809
REF_LPS	PBX3	127	0.09113372093023257
REF_LPS	TCF12	127	0.05926878354203936
REF_LPS	SPI1	127	0.1471545169946333
REF_LPS	SPIB	127	-0.10586985688729877
REF_LPS	ETV6	127	0.35756932021466914
REF_LPS	CEBPB	128	0.08419051878354206
REF_LPS	FOS	128	-0.009827817531305906
REF_LPS	FOSL2	128	-0.13487254025044726
REF_LPS	GATA2	128	-0.08620863148479428
REF_LPS	GATA3	128	-0.19099396243291594
REF_LPS	JUN	128	-0.13732110912343473
REF_LPS	JUND	128	-0.21683251341681575
REF_LPS	MAX	128	0.023322898032200362
REF_LPS	MEF2A	128	0.3775547853309482
REF_LPS	MYC	128	-0.0971042039355993
REF_LPS	NFIC	128	0.20480769230769236
REF_LPS	PBX3	128	0.08941189624329161
REF_LPS	TCF12	128	0.05065406976744186
REF_LPS	SPI1	128	0.14577370304114493
REF_LPS	SPIB	128	-0.09937388193202149
REF_LPS	ETV6	128	0.35125223613595713
REF_LPS	CEBPB	129	0.08719253130590342
REF_LPS	FOS	129	-0.011102415026833633
REF_LPS	FOSL2	129	-0.13683474955277283
REF_LPS	GATA2	129	-0.08610241502683365
REF_LPS	GATA3	129	-0.2003466010733453
REF_LPS	JUN	129	-0.1395628354203936
REF_LPS	JUND	129	-0.2136683810375671
REF_LPS	MAX	129	0.021684928443649377
REF_LPS	MEF2A	129	0.3884279964221825
REF_LPS	MYC	129	-0.10794946332737033
REF_LPS	NFIC	129	0.19681350626118072
REF_LPS	PBX3	129	0.08265317531305905
REF_LPS	TCF12	129	0.050290697674418613
REF_LPS	SPI1	129	0.14584637745974957
REF_LPS	SPIB	129	-0.10269454382826478
REF_LPS	ETV6	129	0.35739042933810383
Carrier_LPS	CEBPB	0	0.14355100934832674
Carrier_LPS	FOS	0	-0.0668947297114212
Carrier_LPS	FOSL2	0	0.0013006367700853542
Carrier_LPS	GATA2	0	-0.2376913697330984
Carrier_LPS	GATA3	0	-0.1983403332881723
Carrier_LPS	JUN	0	-0.03737975884026554
Carrier_LPS	JUND	0	-0.0736011380571738
Carrier_LPS	MAX	0	-0.01407668337623628
Carrier_LPS	MEF2A	0	0.4234859775098225
Carrier_LPS	MYC	0	-0.18758975748543552
Carrier_LPS	NFIC	0	0.13150657092534881
Carrier_LPS	PBX3	0	-0.10753962877658851
Carrier_LPS	TCF12	0	-0.09319875355642863
Carrier_LPS	SPI1	0	0.1899810323804362
Carrier_LPS	SPIB	0	-0.016034412681208504
Carrier_LPS	ETV6	0	0.3015512803143205
Carrier_LPS	CEBPB	1	0.16530280449803544
Carrier_LPS	FOS	1	-0.05340062322178565
Carrier_LPS	FOSL2	1	0.025199837420403732
Carrier_LPS	GATA2	1	-0.21211895407126402
Carrier_LPS	GATA3	1	-0.21737569435035894
Carrier_LPS	JUN	1	-0.03999458068012464
Carrier_LPS	JUND	1	-0.05723479203359976
Carrier_LPS	MAX	1	-0.0005351578376913696
Carrier_LPS	MEF2A	1	0.4405094160682833
Carrier_LPS	MYC	1	-0.18966942148760327
Carrier_LPS	NFIC	1	0.1560289933613331
Carrier_LPS	PBX3	1	-0.09078715621189538
Carrier_LPS	TCF12	1	-0.1084202682563338
Carrier_LPS	SPI1	1	0.211109605744479
Carrier_LPS	SPIB	1	-0.00279772388565235
Carrier_LPS	ETV6	1	0.3234792033599782
Carrier_LPS	CEBPB	2	0.14462809917355368
Carrier_LPS	FOS	2	-0.07060018967619562
Carrier_LPS	FOSL2	2	0.0031228830781736884
Carrier_LPS	GATA2	2	-0.1942013277333694
Carrier_LPS	GATA3	2	-0.1989432326243056
Carrier_LPS	JUN	2	-0.04323939845549382
Carrier_LPS	JUND	2	-0.04654518357946076
Carrier_LPS	MAX	2	0.024935645576480148
Carrier_LPS	MEF2A	2	0.4223411461861535
Carrier_LPS	MYC	2	-0.1665153773201463
Carrier_LPS	NFIC	2	0.13519170844059067
Carrier_LPS	PBX3	2	-0.08942555209321228
Carrier_LPS	TCF12	2	-0.1005825768866007
Carrier_LPS	SPI1	2	0.19043490041999722
Carrier_LPS	SPIB	2	0.020681479474325967
Carrier_LPS	ETV6	2	0.3015512803143205
Carrier_LPS	CEBPB	3	0.162362823465655
Carrier_LPS	FOS	3	-0.05621189540712639
Carrier_LPS	FOSL2	3	0.0198956780923994
Carrier_LPS	GATA2	3	-0.2093889716840536
Carrier_LPS	GATA3	3	-0.2144628099173553
Carrier_LPS	JUN	3	-0.035516867633112036
Carrier_LPS	JUND	3	-0.0533464300230321
Carrier_LPS	MAX	3	0.004274488551686762
Carrier_LPS	MEF2A	3	0.4328275301449667
Carrier_LPS	MYC	3	-0.18368784717517947
Carrier_LPS	NFIC	3	0.1520254708034141
Carrier_LPS	PBX3	3	-0.09577970464706677
Carrier_LPS	TCF12	3	-0.11133992683918166
Carrier_LPS	SPI1	3	0.20754640292643267
Carrier_LPS	SPIB	3	0.001375152418371494
Carrier_LPS	ETV6	3	0.3187576209185747
Carrier_LPS	CEBPB	4	0.1657498983877523
Carrier_LPS	FOS	4	-0.05287901368378267
Carrier_LPS	FOSL2	4	0.02302533532041728
Carrier_LPS	GATA2	4	-0.21384636228153361
Carrier_LPS	GATA3	4	-0.22045793252946747
Carrier_LPS	JUN	4	-0.033240753285462665
Carrier_LPS	JUND	4	-0.0501016122476629
Carrier_LPS	MAX	4	0.0033328817233437193
Carrier_LPS	MEF2A	4	0.4361197669692452
Carrier_LPS	MYC	4	-0.1812965722801788
Carrier_LPS	NFIC	4	0.15749220972767913
Carrier_LPS	PBX3	4	-0.09045522286952985
Carrier_LPS	TCF12	4	-0.10962606692860043
Carrier_LPS	SPI1	4	0.2115431513345075
Carrier_LPS	SPIB	4	0.0042541661021541785
Carrier_LPS	ETV6	4	0.3211150250643543
Carrier_LPS	CEBPB	5	0.15126676602086436
Carrier_LPS	FOS	5	-0.055514157973174355
Carrier_LPS	FOSL2	5	0.016108928329494645
Carrier_LPS	GATA2	5	-0.23110012193469714
Carrier_LPS	GATA3	5	-0.19419455358352522
Carrier_LPS	JUN	5	-0.025430158515106348
Carrier_LPS	JUND	5	-0.04530551415797316
Carrier_LPS	MAX	5	0.025294675518222457
Carrier_LPS	MEF2A	5	0.41788375558867347
Carrier_LPS	MYC	5	-0.1663798943232624
Carrier_LPS	NFIC	5	0.14107844465519576
Carrier_LPS	PBX3	5	-0.11612925077902718
Carrier_LPS	TCF12	5	-0.12746240346836468
Carrier_LPS	SPI1	5	0.19013006367700847
Carrier_LPS	SPIB	5	-0.003983200108386396
Carrier_LPS	ETV6	5	0.3022490177482725
Carrier_LPS	CEBPB	6	0.16579731743666168
Carrier_LPS	FOS	6	-0.055405771575667236
Carrier_LPS	FOSL2	6	0.02272727272727272
Carrier_LPS	GATA2	6	-0.21090638124915317
Carrier_LPS	GATA3	6	-0.21472700176127887
Carrier_LPS	JUN	6	-0.034236553312559266
Carrier_LPS	JUND	6	-0.052147405500609666
Carrier_LPS	MAX	6	0.0037122341146186145
Carrier_LPS	MEF2A	6	0.4346971955019644
Carrier_LPS	MYC	6	-0.18397236146863563
Carrier_LPS	NFIC	6	0.15146999051619017
Carrier_LPS	PBX3	6	-0.09323262430564962
Carrier_LPS	TCF12	6	-0.11123831459151874
Carrier_LPS	SPI1	6	0.21003251591925207
Carrier_LPS	SPIB	6	0.0019577293049722255
Carrier_LPS	ETV6	6	0.31936729440455214
Carrier_LPS	CEBPB	7	0.16094025199837414
Carrier_LPS	FOS	7	-0.059212843788104576
Carrier_LPS	FOSL2	7	0.023506299959355097
Carrier_LPS	GATA2	7	-0.20560222192114883
Carrier_LPS	GATA3	7	-0.20393578105947696
Carrier_LPS	JUN	7	-0.043679718195366465
Carrier_LPS	JUND	7	-0.05810865736350087
Carrier_LPS	MAX	7	-0.00535835252675789
Carrier_LPS	MEF2A	7	0.4302059341552634
Carrier_LPS	MYC	7	-0.1934697195501964
Carrier_LPS	NFIC	7	0.14789323939845544
Carrier_LPS	PBX3	7	-0.0869258908007045
Carrier_LPS	TCF12	7	-0.1152621595989703
Carrier_LPS	SPI1	7	0.20308223817910848
Carrier_LPS	SPIB	7	-0.010587996206476085
Carrier_LPS	ETV6	7	0.32830239804904476
Carrier_LPS	CEBPB	8	0.16839181682698817
Carrier_LPS	FOS	8	-0.04883484622679852
Carrier_LPS	FOSL2	8	0.025531770762769263
Carrier_LPS	GATA2	8	-0.208325430158515
Carrier_LPS	GATA3	8	-0.21940793930361732
Carrier_LPS	JUN	8	-0.033078173689201996
Carrier_LPS	JUND	8	-0.05549383552364177
Carrier_LPS	MAX	8	0.002011922503725782
Carrier_LPS	MEF2A	8	0.4294133586234926
Carrier_LPS	MYC	8	-0.1860113805717382
Carrier_LPS	NFIC	8	0.158183173011787
Carrier_LPS	PBX3	8	-0.09067199566454408
Carrier_LPS	TCF12	8	-0.11780923994038744
Carrier_LPS	SPI1	8	0.2152553854491261
Carrier_LPS	SPIB	8	-0.0026961116379894314
Carrier_LPS	ETV6	8	0.3231540441674569
Carrier_LPS	CEBPB	9	0.1667321501151605
Carrier_LPS	FOS	9	-0.05175450480964638
Carrier_LPS	FOSL2	9	0.022490177482725915
Carrier_LPS	GATA2	9	-0.2073905974800162
Carrier_LPS	GATA3	9	-0.21379894323262424
Carrier_LPS	JUN	9	-0.03347107438016528
Carrier_LPS	JUND	9	-0.05424739195230997
Carrier_LPS	MAX	9	0.0006706408345752606
Carrier_LPS	MEF2A	9	0.43265140224901766
Carrier_LPS	MYC	9	-0.18145237772659528
Carrier_LPS	NFIC	9	0.15485706543828745
Carrier_LPS	PBX3	9	-0.09159328004335453
Carrier_LPS	TCF12	9	-0.10894865194418099
Carrier_LPS	SPI1	9	0.20809510906381246
Carrier_LPS	SPIB	9	0.0034480422706950264
Carrier_LPS	ETV6	9	0.3153366752472564
Carrier_LPS	CEBPB	10	0.174339520390191
Carrier_LPS	FOS	10	-0.052194824549519014
Carrier_LPS	FOSL2	10	0.03337623628234655
Carrier_LPS	GATA2	10	-0.22428532719143737
Carrier_LPS	GATA3	10	-0.21434764937000403
Carrier_LPS	JUN	10	-0.014266359571873728
Carrier_LPS	JUND	10	-0.032658176398861934
Carrier_LPS	MAX	10	0.01012057986722666
Carrier_LPS	MEF2A	10	0.42393307139953923
Carrier_LPS	MYC	10	-0.17435306868987938
Carrier_LPS	NFIC	10	0.16910987671047278
Carrier_LPS	PBX3	10	-0.10280449803549653
Carrier_LPS	TCF12	10	-0.1155263514428939
Carrier_LPS	SPI1	10	0.21862213792169075
Carrier_LPS	SPIB	10	0.0018222463080883346
Carrier_LPS	ETV6	10	0.31838504267714396
Carrier_LPS	CEBPB	11	0.15287901368378265
Carrier_LPS	FOS	11	-0.060323804362552476
Carrier_LPS	FOSL2	11	0.0105676737569435
Carrier_LPS	GATA2	11	-0.20017612789594902
Carrier_LPS	GATA3	11	-0.20656415119902446
Carrier_LPS	JUN	11	-0.038301043219076
Carrier_LPS	JUND	11	-0.060391545860994426
Carrier_LPS	MAX	11	0.010235740414577968
Carrier_LPS	MEF2A	11	0.44728356591247787
Carrier_LPS	MYC	11	-0.17684595583254295
Carrier_LPS	NFIC	11	0.1416068283430429
Carrier_LPS	PBX3	11	-0.08647879691098764
Carrier_LPS	TCF12	11	-0.11632570112450884
Carrier_LPS	SPI1	11	0.20027096599376773
Carrier_LPS	SPIB	11	-0.0013548299688389105
Carrier_LPS	ETV6	11	0.31302669015038603
Carrier_LPS	CEBPB	12	0.16432055277062724
Carrier_LPS	FOS	12	-0.04933613331526892
Carrier_LPS	FOSL2	12	0.019204714808291556
Carrier_LPS	GATA2	12	-0.22448177753691903
Carrier_LPS	GATA3	12	-0.218351171927923
Carrier_LPS	JUN	12	-0.039757485435577826
Carrier_LPS	JUND	12	-0.060913155398997415
Carrier_LPS	MAX	12	-0.008501558054464162
Carrier_LPS	MEF2A	12	0.44012328952716423
Carrier_LPS	MYC	12	-0.18342365533125587
Carrier_LPS	NFIC	12	0.14573905974800158
Carrier_LPS	PBX3	12	-0.08888362010567671
Carrier_LPS	TCF12	12	-0.10974122747595173
Carrier_LPS	SPI1	12	0.20681479474325967
Carrier_LPS	SPIB	12	0.0020593415526351435
Carrier_LPS	ETV6	12	0.3131757214469583
Carrier_LPS	CEBPB	13	0.1649844194553583
Carrier_LPS	FOS	13	-0.06676602086438149
Carrier_LPS	FOSL2	13	0.026243056496409692
Carrier_LPS	GATA2	13	-0.20522964367971813
Carrier_LPS	GATA3	13	-0.19972225985638797
Carrier_LPS	JUN	13	-0.025152418371494373
Carrier_LPS	JUND	13	-0.042358758975748534
Carrier_LPS	MAX	13	-0.0006096734859775097
Carrier_LPS	MEF2A	13	0.4218805039967483
Carrier_LPS	MYC	13	-0.19123425010161219
Carrier_LPS	NFIC	13	0.16242379081425276
Carrier_LPS	PBX3	13	-0.08739330713995391
Carrier_LPS	TCF12	13	-0.10193063270559542
Carrier_LPS	SPI1	13	0.19925484351713857
Carrier_LPS	SPIB	13	-0.00869123425010161
Carrier_LPS	ETV6	13	0.3065912477984012
Carrier_LPS	CEBPB	14	0.1629115296030348
Carrier_LPS	FOS	14	-0.06209185747188725
Carrier_LPS	FOSL2	14	0.016217314727001757
Carrier_LPS	GATA2	14	-0.20472158244140357
Carrier_LPS	GATA3	14	-0.2178431106896084
Carrier_LPS	JUN	14	-0.04467551822246307
Carrier_LPS	JUND	14	-0.045264869258908
Carrier_LPS	MAX	14	0.007790272320823735
Carrier_LPS	MEF2A	14	0.44436390732963
Carrier_LPS	MYC	14	-0.17846497764530547
Carrier_LPS	NFIC	14	0.149932258501558
Carrier_LPS	PBX3	14	-0.09493293591654245
Carrier_LPS	TCF12	14	-0.10439642324888225
Carrier_LPS	SPI1	14	0.20899607099309034
Carrier_LPS	SPIB	14	0.01117734724292101
Carrier_LPS	ETV6	14	0.3262633789459422
Carrier_LPS	CEBPB	15	0.1524183714943774
Carrier_LPS	FOS	15	-0.05822381791085217
Carrier_LPS	FOSL2	15	0.010506706408345749
Carrier_LPS	GATA2	15	-0.20772930497222594
Carrier_LPS	GATA3	15	-0.2203427719821162
Carrier_LPS	JUN	15	-0.036404281262701524
Carrier_LPS	JUND	15	-0.06108928329494648
Carrier_LPS	MAX	15	-0.001239669421487603
Carrier_LPS	MEF2A	15	0.45121257282211064
Carrier_LPS	MYC	15	-0.17851917084405902
Carrier_LPS	NFIC	15	0.14223682427855303
Carrier_LPS	PBX3	15	-0.08162850562254435
Carrier_LPS	TCF12	15	-0.10826446280991733
Carrier_LPS	SPI1	15	0.19683647202276108
Carrier_LPS	SPIB	15	-0.0017545048096463888
Carrier_LPS	ETV6	15	0.3189472971142121
Carrier_LPS	CEBPB	16	0.16658989296843243
Carrier_LPS	FOS	16	-0.050751930632705576
Carrier_LPS	FOSL2	16	0.022043083593009074
Carrier_LPS	GATA2	16	-0.205642866820214
Carrier_LPS	GATA3	16	-0.21558054464164741
Carrier_LPS	JUN	16	-0.03878200785801381
Carrier_LPS	JUND	16	-0.045156482861400886
Carrier_LPS	MAX	16	0.007356726730795284
Carrier_LPS	MEF2A	16	0.4269814388294268
Carrier_LPS	MYC	16	-0.17760466061509275
Carrier_LPS	NFIC	16	0.15203224495325832
Carrier_LPS	PBX3	16	-0.08874813710879283
Carrier_LPS	TCF12	16	-0.10512803143205525
Carrier_LPS	SPI1	16	0.21069638260398316
Carrier_LPS	SPIB	16	0.007824143070044707
Carrier_LPS	ETV6	16	0.3131621731472699
Carrier_LPS	CEBPB	17	0.16486248475816281
Carrier_LPS	FOS	17	-0.05454545454545453
Carrier_LPS	FOSL2	17	0.022036309443164877
Carrier_LPS	GATA2	17	-0.21152282888497487
Carrier_LPS	GATA3	17	-0.21439506841891337
Carrier_LPS	JUN	17	-0.03833491396829697
Carrier_LPS	JUND	17	-0.05564286682021405
Carrier_LPS	MAX	17	0.002641918439235875
Carrier_LPS	MEF2A	17	0.43393849071941454
Carrier_LPS	MYC	17	-0.1832678498848394
Carrier_LPS	NFIC	17	0.15170031161089279
Carrier_LPS	PBX3	17	-0.09220295352933204
Carrier_LPS	TCF12	17	-0.10968026012735399
Carrier_LPS	SPI1	17	0.2092602628370139
Carrier_LPS	SPIB	17	0.001510635415255385
Carrier_LPS	ETV6	17	0.31803278688524583
Carrier_LPS	CEBPB	18	0.16861536377184658
Carrier_LPS	FOS	18	-0.04105134805581898
Carrier_LPS	FOSL2	18	0.028688524590163925
Carrier_LPS	GATA2	18	-0.19316488280720764
Carrier_LPS	GATA3	18	-0.19872645982929138
Carrier_LPS	JUN	18	-0.0161631215282482
Carrier_LPS	JUND	18	-0.03479880774962741
Carrier_LPS	MAX	18	0.02025470803414171
Carrier_LPS	MEF2A	18	0.4189134263649911
Carrier_LPS	MYC	18	-0.19168811814117323
Carrier_LPS	NFIC	18	0.1490922639208779
Carrier_LPS	PBX3	18	-0.11363636363636359
Carrier_LPS	TCF12	18	-0.09615905703834167
Carrier_LPS	SPI1	18	0.2160140902316759
Carrier_LPS	SPIB	18	0.011597344533261073
Carrier_LPS	ETV6	18	0.30482996883891067
Carrier_LPS	CEBPB	19	0.1654789323939845
Carrier_LPS	FOS	19	-0.05298740008128979
Carrier_LPS	FOSL2	19	0.022253082238179102
Carrier_LPS	GATA2	19	-0.21253217721175988
Carrier_LPS	GATA3	19	-0.21617666982793654
Carrier_LPS	JUN	19	-0.035984283972361454
Carrier_LPS	JUND	19	-0.0547148082915594
Carrier_LPS	MAX	19	0.0012735401707085756
Carrier_LPS	MEF2A	19	0.4331730117870206
Carrier_LPS	MYC	19	-0.1831391410377997
Carrier_LPS	NFIC	19	0.15259449939032646
Carrier_LPS	PBX3	19	-0.09218263107979946
Carrier_LPS	TCF12	19	-0.11119766969245357
Carrier_LPS	SPI1	19	0.20871833084947833
Carrier_LPS	SPIB	19	0.0011990245224224357
Carrier_LPS	ETV6	19	0.31807343178431097
Carrier_LPS	CEBPB	20	0.17200243869394388
Carrier_LPS	FOS	20	-0.03939845549383552
Carrier_LPS	FOSL2	20	0.03511719279230456
Carrier_LPS	GATA2	20	-0.20278417558596393
Carrier_LPS	GATA3	20	-0.21845955832543013
Carrier_LPS	JUN	20	-0.02666982793659395
Carrier_LPS	JUND	20	-0.06233572686627827
Carrier_LPS	MAX	20	-0.015397642595854215
Carrier_LPS	MEF2A	20	0.4250575802736755
Carrier_LPS	MYC	20	-0.19113263785394927
Carrier_LPS	NFIC	20	0.14271101476764664
Carrier_LPS	PBX3	20	-0.08813168947297112
Carrier_LPS	TCF12	20	-0.09798130334643
Carrier_LPS	SPI1	20	0.20929413358623486
Carrier_LPS	SPIB	20	-0.009578647879691095
Carrier_LPS	ETV6	20	0.32492887142663585
Carrier_LPS	CEBPB	21	0.16154992548435168
Carrier_LPS	FOS	21	-0.04399132908819942
Carrier_LPS	FOSL2	21	0.018791491667795687
Carrier_LPS	GATA2	21	-0.2251456442216501
Carrier_LPS	GATA3	21	-0.20868446010025735
Carrier_LPS	JUN	21	-0.031154315133450745
Carrier_LPS	JUND	21	-0.05874542744885516
Carrier_LPS	MAX	21	-0.004647066793117463
Carrier_LPS	MEF2A	21	0.42872916948922896
Carrier_LPS	MYC	21	-0.1800636770085354
Carrier_LPS	NFIC	21	0.1502980625931445
Carrier_LPS	PBX3	21	-0.08584202682563336
Carrier_LPS	TCF12	21	-0.10910445739059745
Carrier_LPS	SPI1	21	0.20608318656008665
Carrier_LPS	SPIB	21	-0.009382197534209455
Carrier_LPS	ETV6	21	0.31244411326378535
Carrier_LPS	CEBPB	22	0.14966129250779023
Carrier_LPS	FOS	22	-0.07085760737027501
Carrier_LPS	FOSL2	22	0.006367700853542879
Carrier_LPS	GATA2	22	-0.22166373120173413
Carrier_LPS	GATA3	22	-0.20363771846633244
Carrier_LPS	JUN	22	-0.03720363094431648
Carrier_LPS	JUND	22	-0.03958135753962876
Carrier_LPS	MAX	22	0.014605067064083451
Carrier_LPS	MEF2A	22	0.42897303888362004
Carrier_LPS	MYC	22	-0.1744411326378539
Carrier_LPS	NFIC	22	0.1385245901639344
Carrier_LPS	PBX3	22	-0.09172876304023843
Carrier_LPS	TCF12	22	-0.09817775369191163
Carrier_LPS	SPI1	22	0.1939168134399132
Carrier_LPS	SPIB	22	0.015600867091180052
Carrier_LPS	ETV6	22	0.30625931445603566
Carrier_LPS	CEBPB	23	0.1541931987535564
Carrier_LPS	FOS	23	-0.06395474867904076
Carrier_LPS	FOSL2	23	0.01898794201327733
Carrier_LPS	GATA2	23	-0.2172334372036309
Carrier_LPS	GATA3	23	-0.20608318656008665
Carrier_LPS	JUN	23	-0.025789188456848657
Carrier_LPS	JUND	23	-0.05426094025199836
Carrier_LPS	MAX	23	0.007973174366616986
Carrier_LPS	MEF2A	23	0.4390936187508466
Carrier_LPS	MYC	23	-0.18794201327733365
Carrier_LPS	NFIC	23	0.14429616583118815
Carrier_LPS	PBX3	23	-0.10443706814794741
Carrier_LPS	TCF12	23	-0.10886058799620645
Carrier_LPS	SPI1	23	0.19839452648692585
Carrier_LPS	SPIB	23	-0.007241566183443976
Carrier_LPS	ETV6	23	0.31384636228153356
Carrier_LPS	CEBPB	24	0.1823736621054057
Carrier_LPS	FOS	24	-0.05300094838097817
Carrier_LPS	FOSL2	24	0.036729440455222855
Carrier_LPS	GATA2	24	-0.20178160140902313
Carrier_LPS	GATA3	24	-0.22871562118954064
Carrier_LPS	JUN	24	-0.03503590299417422
Carrier_LPS	JUND	24	-0.04141715214740549
Carrier_LPS	MAX	24	-0.00989703292236824
Carrier_LPS	MEF2A	24	0.4325362417016664
Carrier_LPS	MYC	24	-0.18905297385178155
Carrier_LPS	NFIC	24	0.164869258908007
Carrier_LPS	PBX3	24	-0.09314456035767507
Carrier_LPS	TCF12	24	-0.09643002303210944
Carrier_LPS	SPI1	24	0.21961116379894316
Carrier_LPS	SPIB	24	0.010791220701801921
Carrier_LPS	ETV6	24	0.31950277740143607
Carrier_LPS	CEBPB	25	0.15760059612518626
Carrier_LPS	FOS	25	-0.05921961793794877
Carrier_LPS	FOSL2	25	0.013277333694621321
Carrier_LPS	GATA2	25	-0.20993767782143335
Carrier_LPS	GATA3	25	-0.2073905974800162
Carrier_LPS	JUN	25	-0.03040238450074515
Carrier_LPS	JUND	25	-0.045854220295352924
Carrier_LPS	MAX	25	0.012525403061915725
Carrier_LPS	MEF2A	25	0.42616854084812344
Carrier_LPS	MYC	25	-0.17610079934968156
Carrier_LPS	NFIC	25	0.15175450480964636
Carrier_LPS	PBX3	25	-0.09966806665763445
Carrier_LPS	TCF12	25	-0.11982116244411323
Carrier_LPS	SPI1	25	0.20308223817910848
Carrier_LPS	SPIB	25	0.007946077767240208
Carrier_LPS	ETV6	25	0.31154315133450744
Carrier_LPS	CEBPB	26	0.16306056089960705
Carrier_LPS	FOS	26	-0.06000541931987534
Carrier_LPS	FOSL2	26	0.018608589622002434
Carrier_LPS	GATA2	26	-0.2103509009619292
Carrier_LPS	GATA3	26	-0.21903536106218666
Carrier_LPS	JUN	26	-0.04536648150657091
Carrier_LPS	JUND	26	-0.05622544370681479
Carrier_LPS	MAX	26	0.0019780517545048087
Carrier_LPS	MEF2A	26	0.43767104728356576
Carrier_LPS	MYC	26	-0.18947297114212164
Carrier_LPS	NFIC	26	0.15568351171927916
Carrier_LPS	PBX3	26	-0.08888362010567671
Carrier_LPS	TCF12	26	-0.10764124102425142
Carrier_LPS	SPI1	26	0.20980219482454945
Carrier_LPS	SPIB	26	0.002709659937677821
Carrier_LPS	ETV6	26	0.3248340333288172
Carrier_LPS	CEBPB	27	0.1758298333559138
Carrier_LPS	FOS	27	-0.0493632299146457
Carrier_LPS	FOSL2	27	0.044506164476358204
Carrier_LPS	GATA2	27	-0.196450345481642
Carrier_LPS	GATA3	27	-0.22352662240888765
Carrier_LPS	JUN	27	-0.0566928600460642
Carrier_LPS	JUND	27	-0.06989567809239938
Carrier_LPS	MAX	27	-0.014489906516732147
Carrier_LPS	MEF2A	27	0.4258569299552905
Carrier_LPS	MYC	27	-0.20955155128031425
Carrier_LPS	NFIC	27	0.16569570518899873
Carrier_LPS	PBX3	27	-0.08702750304836741
Carrier_LPS	TCF12	27	-0.09244004877387885
Carrier_LPS	SPI1	27	0.225281127218534
Carrier_LPS	SPIB	27	-0.01906245766156347
Carrier_LPS	ETV6	27	0.34090909090909083
Carrier_LPS	CEBPB	28	0.1560289933613331
Carrier_LPS	FOS	28	-0.06904213521203088
Carrier_LPS	FOSL2	28	0.012559273811136699
Carrier_LPS	GATA2	28	-0.2054260940251998
Carrier_LPS	GATA3	28	-0.2029196585828478
Carrier_LPS	JUN	28	-0.029203359978322713
Carrier_LPS	JUND	28	-0.0462538951361604
Carrier_LPS	MAX	28	0.009497358081560762
Carrier_LPS	MEF2A	28	0.4250575802736755
Carrier_LPS	MYC	28	-0.19326649505487056
Carrier_LPS	NFIC	28	0.14298198076141438
Carrier_LPS	PBX3	28	-0.10585286546538407
Carrier_LPS	TCF12	28	-0.10163934426229505
Carrier_LPS	SPI1	28	0.19968838910716702
Carrier_LPS	SPIB	28	0.006374475003387074
Carrier_LPS	ETV6	28	0.3055886736214604
Carrier_LPS	CEBPB	29	0.1652350629995935
Carrier_LPS	FOS	29	-0.05417965045386803
Carrier_LPS	FOSL2	29	0.02120986316217314
Carrier_LPS	GATA2	29	-0.21156347378404003
Carrier_LPS	GATA3	29	-0.21516054735130735
Carrier_LPS	JUN	29	-0.036072347920335986
Carrier_LPS	JUND	29	-0.0549586776859504
Carrier_LPS	MAX	29	0.0021270830510770893
Carrier_LPS	MEF2A	29	0.4353339655873186
Carrier_LPS	MYC	29	-0.1846362281533667
Carrier_LPS	NFIC	29	0.1536783633653976
Carrier_LPS	PBX3	29	-0.09353746104863837
Carrier_LPS	TCF12	29	-0.11063541525538542
Carrier_LPS	SPI1	29	0.2107302533532041
Carrier_LPS	SPIB	29	-0.00044031973987264584
Carrier_LPS	ETV6	29	0.3205324481777536
Carrier_LPS	CEBPB	30	0.1555209321230185
Carrier_LPS	FOS	30	-0.05323126947568079
Carrier_LPS	FOSL2	30	0.012823465655060288
Carrier_LPS	GATA2	30	-0.21100121934697189
Carrier_LPS	GATA3	30	-0.2124779840130063
Carrier_LPS	JUN	30	-0.036675247256469305
Carrier_LPS	JUND	30	-0.058007045115837944
Carrier_LPS	MAX	30	0.009538002980625928
Carrier_LPS	MEF2A	30	0.4240143611976696
Carrier_LPS	MYC	30	-0.17347920335997827
Carrier_LPS	NFIC	30	0.14279230456577696
Carrier_LPS	PBX3	30	-0.08895813575396286
Carrier_LPS	TCF12	30	-0.10154450616447633
Carrier_LPS	SPI1	30	0.1964300230321094
Carrier_LPS	SPIB	30	-0.002160953800298062
Carrier_LPS	ETV6	30	0.3071941471345345
Carrier_LPS	CEBPB	31	0.16640699092263916
Carrier_LPS	FOS	31	-0.053204172876304016
Carrier_LPS	FOSL2	31	0.02310662511854762
Carrier_LPS	GATA2	31	-0.21207153502235465
Carrier_LPS	GATA3	31	-0.216122476629183
Carrier_LPS	JUN	31	-0.03724427584338164
Carrier_LPS	JUND	31	-0.054044167456984135
Carrier_LPS	MAX	31	0.001991600054193198
Carrier_LPS	MEF2A	31	0.4332813981845277
Carrier_LPS	MYC	31	-0.1846159057038341
Carrier_LPS	NFIC	31	0.15363771846633245
Carrier_LPS	PBX3	31	-0.0920132773336946
Carrier_LPS	TCF12	31	-0.11163798943232622
Carrier_LPS	SPI1	31	0.21101476764666027
Carrier_LPS	SPIB	31	0.0002641918439235875
Carrier_LPS	ETV6	31	0.321765343449397
Carrier_LPS	CEBPB	32	0.1698414848936458
Carrier_LPS	FOS	32	-0.05102967077631756
Carrier_LPS	FOSL2	32	0.02675789188456848
Carrier_LPS	GATA2	32	-0.2101070315675382
Carrier_LPS	GATA3	32	-0.22009212843788098
Carrier_LPS	JUN	32	-0.0244953258366075
Carrier_LPS	JUND	32	-0.04692453597073566
Carrier_LPS	MAX	32	0.007309307681885923
Carrier_LPS	MEF2A	32	0.4260195095515512
Carrier_LPS	MYC	32	-0.1893781330443029
Carrier_LPS	NFIC	32	0.16194960032515915
Carrier_LPS	PBX3	32	-0.08309172198889038
Carrier_LPS	TCF12	32	-0.1194824549519035
Carrier_LPS	SPI1	32	0.21556699634195903
Carrier_LPS	SPIB	32	0.007824143070044707
Carrier_LPS	ETV6	32	0.3227475951768052
Carrier_LPS	CEBPB	33	0.16681343991329084
Carrier_LPS	FOS	33	-0.05391545860994444
Carrier_LPS	FOSL2	33	0.022422435984283964
Carrier_LPS	GATA2	33	-0.2110283159463487
Carrier_LPS	GATA3	33	-0.21915052160953793
Carrier_LPS	JUN	33	-0.033985909768324066
Carrier_LPS	JUND	33	-0.05200514835388158
Carrier_LPS	MAX	33	0.004274488551686762
Carrier_LPS	MEF2A	33	0.43097141308765735
Carrier_LPS	MYC	33	-0.1843855846091315
Carrier_LPS	NFIC	33	0.1547893239398455
Carrier_LPS	PBX3	33	-0.0906516732150115
Carrier_LPS	TCF12	33	-0.11180056902858689
Carrier_LPS	SPI1	33	0.2112179921419861
Carrier_LPS	SPIB	33	6.096734859775097e-05
Carrier_LPS	ETV6	33	0.3198482590434899
Carrier_LPS	CEBPB	34	0.14796775504674162
Carrier_LPS	FOS	34	-0.0723750169353746
Carrier_LPS	FOSL2	34	0.001646118412139276
Carrier_LPS	GATA2	34	-0.20579189811678628
Carrier_LPS	GATA3	34	-0.22950142257146722
Carrier_LPS	JUN	34	-0.028607234792033594
Carrier_LPS	JUND	34	-0.05367836336539763
Carrier_LPS	MAX	34	0.019963419590841344
Carrier_LPS	MEF2A	34	0.4305988348462267
Carrier_LPS	MYC	34	-0.1678363365397642
Carrier_LPS	NFIC	34	0.13773878878200782
Carrier_LPS	PBX3	34	-0.08882265275707897
Carrier_LPS	TCF12	34	-0.1184934290746511
Carrier_LPS	SPI1	34	0.19336810730253348
Carrier_LPS	SPIB	34	0.01887278146592602
Carrier_LPS	ETV6	34	0.3046131960438965
Carrier_LPS	CEBPB	35	0.14989838775233705
Carrier_LPS	FOS	35	-0.04673485977509821
Carrier_LPS	FOSL2	35	0.009761549925484348
Carrier_LPS	GATA2	35	-0.1980693672944045
Carrier_LPS	GATA3	35	-0.20155805446416467
Carrier_LPS	JUN	35	-0.022408887684595577
Carrier_LPS	JUND	35	-0.059145102289662625
Carrier_LPS	MAX	35	-0.003610621866955696
Carrier_LPS	MEF2A	35	0.4406855439642324
Carrier_LPS	MYC	35	-0.17549112586370405
Carrier_LPS	NFIC	35	0.1378607234792033
Carrier_LPS	PBX3	35	-0.08483945264869255
Carrier_LPS	TCF12	35	-0.10823059206069635
Carrier_LPS	SPI1	35	0.1950887413629589
Carrier_LPS	SPIB	35	0.009158650589351034
Carrier_LPS	ETV6	35	0.3096328410784445
Carrier_LPS	CEBPB	36	0.16370410513480552
Carrier_LPS	FOS	36	-0.050731608183173
Carrier_LPS	FOSL2	36	0.02058664137650724
Carrier_LPS	GATA2	36	-0.2172334372036309
Carrier_LPS	GATA3	36	-0.20813575396287762
Carrier_LPS	JUN	36	-0.032001083863975065
Carrier_LPS	JUND	36	-0.05960574447906787
Carrier_LPS	MAX	36	0.00249966129250779
Carrier_LPS	MEF2A	36	0.43146592602628353
Carrier_LPS	MYC	36	-0.17899336133315263
Carrier_LPS	NFIC	36	0.14491938761685405
Carrier_LPS	PBX3	36	-0.10588673621460504
Carrier_LPS	TCF12	36	-0.10863026690150383
Carrier_LPS	SPI1	36	0.20197805175450476
Carrier_LPS	SPIB	36	-0.0005961251862891205
Carrier_LPS	ETV6	36	0.31240346836472016
Carrier_LPS	CEBPB	37	0.1641308765749898
Carrier_LPS	FOS	37	-0.056753827394661956
Carrier_LPS	FOSL2	37	0.020092128437881038
Carrier_LPS	GATA2	37	-0.21152960303481907
Carrier_LPS	GATA3	37	-0.21415797317436655
Carrier_LPS	JUN	37	-0.03788104592873594
Carrier_LPS	JUND	37	-0.05365804091586504
Carrier_LPS	MAX	37	0.0028180463351849335
Carrier_LPS	MEF2A	37	0.43276656279636894
Carrier_LPS	MYC	37	-0.18368784717517947
Carrier_LPS	NFIC	37	0.1521812762498306
Carrier_LPS	PBX3	37	-0.09211488958135751
Carrier_LPS	TCF12	37	-0.11119766969245357
Carrier_LPS	SPI1	37	0.2087657498983877
Carrier_LPS	SPIB	37	0.00044709388971684043
Carrier_LPS	ETV6	37	0.31752472564693124
Carrier_LPS	CEBPB	38	0.17150792575531765
Carrier_LPS	FOS	38	-0.04046199701937406
Carrier_LPS	FOSL2	38	0.035625254030619155
Carrier_LPS	GATA2	38	-0.20635415255385442
Carrier_LPS	GATA3	38	-0.2226866278282075
Carrier_LPS	JUN	38	-0.026121121799214192
Carrier_LPS	JUND	38	-0.04668744072618885
Carrier_LPS	MAX	38	-0.001178702072889852
Carrier_LPS	MEF2A	38	0.44407939303617383
Carrier_LPS	MYC	38	-0.20019645034548159
Carrier_LPS	NFIC	38	0.15333965587318787
Carrier_LPS	PBX3	38	-0.08735266224088875
Carrier_LPS	TCF12	38	-0.10691640699092261
Carrier_LPS	SPI1	38	0.21818181818181812
Carrier_LPS	SPIB	38	0.014713453461590567
Carrier_LPS	ETV6	38	0.31915052160953794
Carrier_LPS	CEBPB	39	0.16276927245630668
Carrier_LPS	FOS	39	-0.055615770220837274
Carrier_LPS	FOSL2	39	0.018385042677144015
Carrier_LPS	GATA2	39	-0.2152553854491261
Carrier_LPS	GATA3	39	-0.21018832136566853
Carrier_LPS	JUN	39	-0.03549654518357945
Carrier_LPS	JUND	39	-0.055310933477848524
Carrier_LPS	MAX	39	0.003190624576615634
Carrier_LPS	MEF2A	39	0.433742040373933
Carrier_LPS	MYC	39	-0.18298333559138324
Carrier_LPS	NFIC	39	0.15503996748408072
Carrier_LPS	PBX3	39	-0.09876033057851237
Carrier_LPS	TCF12	39	-0.10710608318656006
Carrier_LPS	SPI1	39	0.20596125186289116
Carrier_LPS	SPIB	39	0.0009551551280314319
Carrier_LPS	ETV6	39	0.31852729982387196
Carrier_LPS	CEBPB	40	0.14465519577293043
Carrier_LPS	FOS	40	-0.07363500880639477
Carrier_LPS	FOSL2	40	0.0037528790136837813
Carrier_LPS	GATA2	40	-0.1953190624576615
Carrier_LPS	GATA3	40	-0.2009619292778756
Carrier_LPS	JUN	40	-0.03885652350629994
Carrier_LPS	JUND	40	-0.07152147405500608
Carrier_LPS	MAX	40	0.00791898116786343
Carrier_LPS	MEF2A	40	0.4563744750033869
Carrier_LPS	MYC	40	-0.1792981980761414
Carrier_LPS	NFIC	40	0.13435171385991054
Carrier_LPS	PBX3	40	-0.08936458474461453
Carrier_LPS	TCF12	40	-0.120092128437881
Carrier_LPS	SPI1	40	0.1912207018019238
Carrier_LPS	SPIB	40	-0.0062931852052567384
Carrier_LPS	ETV6	40	0.3166644086167185
Carrier_LPS	CEBPB	41	0.15087386532990105
Carrier_LPS	FOS	41	-0.055405771575667236
Carrier_LPS	FOSL2	41	0.006591247798401298
Carrier_LPS	GATA2	41	-0.21330443029399804
Carrier_LPS	GATA3	41	-0.22225985638802329
Carrier_LPS	JUN	41	-0.050176127895949045
Carrier_LPS	JUND	41	-0.07215146999051616
Carrier_LPS	MAX	41	-0.009443164882807206
Carrier_LPS	MEF2A	41	0.44735808156076406
Carrier_LPS	MYC	41	-0.17701530957864783
Carrier_LPS	NFIC	41	0.1383823330172063
Carrier_LPS	PBX3	41	-0.07566725375965314
Carrier_LPS	TCF12	41	-0.13015174095650991
Carrier_LPS	SPI1	41	0.19849613873458877
Carrier_LPS	SPIB	41	0.011834439777807883
Carrier_LPS	ETV6	41	0.3208711556699634
Carrier_LPS	CEBPB	42	0.16005961251862888
Carrier_LPS	FOS	42	-0.05857607370275029
Carrier_LPS	FOSL2	42	0.01598699363229914
Carrier_LPS	GATA2	42	-0.20750575802736748
Carrier_LPS	GATA3	42	-0.2115431513345075
Carrier_LPS	JUN	42	-0.03700040644899064
Carrier_LPS	JUND	42	-0.05621866955697059
Carrier_LPS	MAX	42	0.008156076412410241
Carrier_LPS	MEF2A	42	0.4331933342365532
Carrier_LPS	MYC	42	-0.17985367836336535
Carrier_LPS	NFIC	42	0.14979677550467413
Carrier_LPS	PBX3	42	-0.09330036580409155
Carrier_LPS	TCF12	42	-0.11854084812356044
Carrier_LPS	SPI1	42	0.20487061373797585
Carrier_LPS	SPIB	42	-0.002587725240482319
Carrier_LPS	ETV6	42	0.31787020728898513
Carrier_LPS	CEBPB	43	0.16045928735943632
Carrier_LPS	FOS	43	-0.04751388700718059
Carrier_LPS	FOSL2	43	0.020186966535699763
Carrier_LPS	GATA2	43	-0.23077496274217577
Carrier_LPS	GATA3	43	-0.2148624847581628
Carrier_LPS	JUN	43	-0.042609402519983734
Carrier_LPS	JUND	43	-0.0692724563067335
Carrier_LPS	MAX	43	-0.014584744614550872
Carrier_LPS	MEF2A	43	0.4483877523370816
Carrier_LPS	MYC	43	-0.1996748408074786
Carrier_LPS	NFIC	43	0.16539086844600998
Carrier_LPS	PBX3	43	-0.07691369733098494
Carrier_LPS	TCF12	43	-0.10778349817097951
Carrier_LPS	SPI1	43	0.2033193334236553
Carrier_LPS	SPIB	43	-6.774149844194551e-05
Carrier_LPS	ETV6	43	0.326500474190489
Carrier_LPS	CEBPB	44	0.17102018696653565
Carrier_LPS	FOS	44	-0.06320959219617936
Carrier_LPS	FOSL2	44	0.020579867226663048
Carrier_LPS	GATA2	44	-0.2010364449261617
Carrier_LPS	GATA3	44	-0.2154450616447635
Carrier_LPS	JUN	44	-0.05593415526351442
Carrier_LPS	JUND	44	-0.042263920877929816
Carrier_LPS	MAX	44	0.021873729846904208
Carrier_LPS	MEF2A	44	0.42522693401978046
Carrier_LPS	MYC	44	-0.19059748001625793
Carrier_LPS	NFIC	44	0.16570925348868712
Carrier_LPS	PBX3	44	-0.07976561441539085
Carrier_LPS	TCF12	44	-0.13315268933748814
Carrier_LPS	SPI1	44	0.22249695163257005
Carrier_LPS	SPIB	44	-0.00974800162579596
Carrier_LPS	ETV6	44	0.3279365939574583
Carrier_LPS	CEBPB	45	0.17001083863975067
Carrier_LPS	FOS	45	-0.0527232082373662
Carrier_LPS	FOSL2	45	0.025992412952174495
Carrier_LPS	GATA2	45	-0.222808562525403
Carrier_LPS	GATA3	45	-0.21535022354694483
Carrier_LPS	JUN	45	-0.03889716840536512
Carrier_LPS	JUND	45	-0.04829291423926296
Carrier_LPS	MAX	45	-0.00431513345075193
Carrier_LPS	MEF2A	45	0.42805852865465377
Carrier_LPS	MYC	45	-0.19057715756672533
Carrier_LPS	NFIC	45	0.1616583118818588
Carrier_LPS	PBX3	45	-0.09015716027638529
Carrier_LPS	TCF12	45	-0.10081289798130333
Carrier_LPS	SPI1	45	0.2138192656821568
Carrier_LPS	SPIB	45	-0.006591247798401298
Carrier_LPS	ETV6	45	0.31623086302669007
Carrier_LPS	CEBPB	46	0.16684731066251182
Carrier_LPS	FOS	46	-0.05578512396694213
Carrier_LPS	FOSL2	46	0.02390597480016257
Carrier_LPS	GATA2	46	-0.20996477442081016
Carrier_LPS	GATA3	46	-0.21996341959084126
Carrier_LPS	JUN	46	-0.04210134128166914
Carrier_LPS	JUND	46	-0.05225579189811677
Carrier_LPS	MAX	46	0.007858013819265678
Carrier_LPS	MEF2A	46	0.42786885245901635
Carrier_LPS	MYC	46	-0.1927177889174908
Carrier_LPS	NFIC	46	0.15956509958000267
Carrier_LPS	PBX3	46	-0.0958609944451971
Carrier_LPS	TCF12	46	-0.11945535835252673
Carrier_LPS	SPI1	46	0.21279636905568344
Carrier_LPS	SPIB	46	-0.006401571602763852
Carrier_LPS	ETV6	46	0.31709795420674697
Carrier_LPS	CEBPB	47	0.15781059477035628
Carrier_LPS	FOS	47	-0.05773607912207017
Carrier_LPS	FOSL2	47	0.01523506299959355
Carrier_LPS	GATA2	47	-0.20643544235198477
Carrier_LPS	GATA3	47	-0.2092467145373255
Carrier_LPS	JUN	47	-0.03323397913561847
Carrier_LPS	JUND	47	-0.053068689879420115
Carrier_LPS	MAX	47	0.0012261211217992139
Carrier_LPS	MEF2A	47	0.4441268120850832
Carrier_LPS	MYC	47	-0.1800636770085354
Carrier_LPS	NFIC	47	0.14556293185205252
Carrier_LPS	PBX3	47	-0.10170708576073699
Carrier_LPS	TCF12	47	-0.10695027774014358
Carrier_LPS	SPI1	47	0.2023099850968703
Carrier_LPS	SPIB	47	0.0041390055548028715
Carrier_LPS	ETV6	47	0.31464571196314856
Carrier_LPS	CEBPB	48	0.1684595583254301
Carrier_LPS	FOS	48	-0.05127354017070856
Carrier_LPS	FOSL2	48	0.026073702750304833
Carrier_LPS	GATA2	48	-0.2096328410784446
Carrier_LPS	GATA3	48	-0.21190895542609398
Carrier_LPS	JUN	48	-0.030070451158379616
Carrier_LPS	JUND	48	-0.052906110283159447
Carrier_LPS	MAX	48	-8.128979813033464e-05
Carrier_LPS	MEF2A	48	0.4349884839452648
Carrier_LPS	MYC	48	-0.1864720227611434
Carrier_LPS	NFIC	48	0.1540848123560493
Carrier_LPS	PBX3	48	-0.09937000406448987
Carrier_LPS	TCF12	48	-0.10865058935103641
Carrier_LPS	SPI1	48	0.20911800569028582
Carrier_LPS	SPIB	48	0.0016799891613602487
Carrier_LPS	ETV6	48	0.3157160276385313
Carrier_LPS	CEBPB	49	0.1655128031432055
Carrier_LPS	FOS	49	-0.04907194147134534
Carrier_LPS	FOSL2	49	0.02717788917490854
Carrier_LPS	GATA2	49	-0.21392087792981973
Carrier_LPS	GATA3	49	-0.21935374610486374
Carrier_LPS	JUN	49	-0.0332068825362417
Carrier_LPS	JUND	49	-0.05997832272049856
Carrier_LPS	MAX	49	-0.0011583796233572685
Carrier_LPS	MEF2A	49	0.43168947297114196
Carrier_LPS	MYC	49	-0.19140360384771707
Carrier_LPS	NFIC	49	0.15146999051619017
Carrier_LPS	PBX3	49	-0.09059070586641374
Carrier_LPS	TCF12	49	-0.11412410242514562
Carrier_LPS	SPI1	49	0.209402519983742
Carrier_LPS	SPIB	49	0.002621595989703292
Carrier_LPS	ETV6	49	0.319814388294269
Carrier_LPS	CEBPB	50	0.14790678769814383
Carrier_LPS	FOS	50	-0.044695840671995654
Carrier_LPS	FOSL2	50	0.004071264056360925
Carrier_LPS	GATA2	50	-0.21541796504538674
Carrier_LPS	GATA3	50	-0.1984419455358352
Carrier_LPS	JUN	50	-0.033179785936864915
Carrier_LPS	JUND	50	-0.06799214198618071
Carrier_LPS	MAX	50	0.002404823194689066
Carrier_LPS	MEF2A	50	0.42035632028180453
Carrier_LPS	MYC	50	-0.16913019916000538
Carrier_LPS	NFIC	50	0.1331865600867091
Carrier_LPS	PBX3	50	-0.08484622679853676
Carrier_LPS	TCF12	50	-0.09913968296978727
Carrier_LPS	SPI1	50	0.1935848800975477
Carrier_LPS	SPIB	50	-0.004260940251998372
Carrier_LPS	ETV6	50	0.3040102967077631
Carrier_LPS	CEBPB	51	0.1655873187914916
Carrier_LPS	FOS	51	-0.05758704782549789
Carrier_LPS	FOSL2	51	0.022273404687711686
Carrier_LPS	GATA2	51	-0.20770898252269335
Carrier_LPS	GATA3	51	-0.21566860858962195
Carrier_LPS	JUN	51	-0.03914103779975612
Carrier_LPS	JUND	51	-0.05807478661427989
Carrier_LPS	MAX	51	0.002045793252946755
Carrier_LPS	MEF2A	51	0.433464300230321
Carrier_LPS	MYC	51	-0.18630266901503856
Carrier_LPS	NFIC	51	0.15106354152553852
Carrier_LPS	PBX3	51	-0.09216230863026688
Carrier_LPS	TCF12	51	-0.11544506164476354
Carrier_LPS	SPI1	51	0.2108928329494648
Carrier_LPS	SPIB	51	0.0011854762227340465
Carrier_LPS	ETV6	51	0.32545725511448304
Carrier_LPS	CEBPB	52	0.16580409158650586
Carrier_LPS	FOS	52	-0.05459964774420809
Carrier_LPS	FOSL2	52	0.022835659124779834
Carrier_LPS	GATA2	52	-0.2099986451700311
Carrier_LPS	GATA3	52	-0.21631892697466465
Carrier_LPS	JUN	52	-0.035611705730930754
Carrier_LPS	JUND	52	-0.054044167456984135
Carrier_LPS	MAX	52	0.00181547215824414
Carrier_LPS	MEF2A	52	0.43372171792440034
Carrier_LPS	MYC	52	-0.18311881858826712
Carrier_LPS	NFIC	52	0.1539425552093212
Carrier_LPS	PBX3	52	-0.0926229508196721
Carrier_LPS	TCF12	52	-0.11083863975071126
Carrier_LPS	SPI1	52	0.2103509009619292
Carrier_LPS	SPIB	52	-0.00014903129657228012
Carrier_LPS	ETV6	52	0.3185137515241836
Carrier_LPS	CEBPB	53	0.16509280585286543
Carrier_LPS	FOS	53	-0.05241159734453324
Carrier_LPS	FOSL2	53	0.023221785665898925
Carrier_LPS	GATA2	53	-0.21343991329088194
Carrier_LPS	GATA3	53	-0.2158379623357268
Carrier_LPS	JUN	53	-0.033342365533125584
Carrier_LPS	JUND	53	-0.05037935239127488
Carrier_LPS	MAX	53	0.0059748001625795945
Carrier_LPS	MEF2A	53	0.4304836742988753
Carrier_LPS	MYC	53	-0.18604525132095917
Carrier_LPS	NFIC	53	0.15516867633112041
Carrier_LPS	PBX3	53	-0.09020457932529466
Carrier_LPS	TCF12	53	-0.11437474596938081
Carrier_LPS	SPI1	53	0.2109267036986858
Carrier_LPS	SPIB	53	0.005175450480964638
Carrier_LPS	ETV6	53	0.3172944045522286
Carrier_LPS	CEBPB	54	0.1571535022354694
Carrier_LPS	FOS	54	-0.050860317030212696
Carrier_LPS	FOSL2	54	0.015140224901774824
Carrier_LPS	GATA2	54	-0.22523370816962465
Carrier_LPS	GATA3	54	-0.21567538273946613
Carrier_LPS	JUN	54	-0.035950413223140486
Carrier_LPS	JUND	54	-0.06268120850833218
Carrier_LPS	MAX	54	-0.006902858691234248
Carrier_LPS	MEF2A	54	0.43438558460913146
Carrier_LPS	MYC	54	-0.18659395745833893
Carrier_LPS	NFIC	54	0.14761549925484346
Carrier_LPS	PBX3	54	-0.10297385178160137
Carrier_LPS	TCF12	54	-0.10877252404823193
Carrier_LPS	SPI1	54	0.20197805175450476
Carrier_LPS	SPIB	54	0.010066386668473103
Carrier_LPS	ETV6	54	0.32063406042541653
Carrier_LPS	CEBPB	55	0.17126405636092668
Carrier_LPS	FOS	55	-0.04342230050128708
Carrier_LPS	FOSL2	55	0.02774014361197669
Carrier_LPS	GATA2	55	-0.20458609944451964
Carrier_LPS	GATA3	55	-0.2071602763853136
Carrier_LPS	JUN	55	-0.025890800704511576
Carrier_LPS	JUND	55	-0.044099715485706535
Carrier_LPS	MAX	55	0.012200243869394388
Carrier_LPS	MEF2A	55	0.4253488687169759
Carrier_LPS	MYC	55	-0.17844465519577288
Carrier_LPS	NFIC	55	0.16211895407126403
Carrier_LPS	PBX3	55	-0.09049586776859501
Carrier_LPS	TCF12	55	-0.10623899200650315
Carrier_LPS	SPI1	55	0.21315539899742575
Carrier_LPS	SPIB	55	-0.010215417965045383
Carrier_LPS	ETV6	55	0.3139412003793523
Carrier_LPS	CEBPB	56	0.17375016935374607
Carrier_LPS	FOS	56	-0.04143070044709388
Carrier_LPS	FOSL2	56	0.029020457932529463
Carrier_LPS	GATA2	56	-0.20569028586912336
Carrier_LPS	GATA3	56	-0.23210269611163795
Carrier_LPS	JUN	56	-0.056896084541390037
Carrier_LPS	JUND	56	-0.06773472429210133
Carrier_LPS	MAX	56	-0.013399268391816824
Carrier_LPS	MEF2A	56	0.42150115160547336
Carrier_LPS	MYC	56	-0.1979203359978322
Carrier_LPS	NFIC	56	0.16018154721582437
Carrier_LPS	PBX3	56	-0.07631079799485163
Carrier_LPS	TCF12	56	-0.1240753285462674
Carrier_LPS	SPI1	56	0.22377049180327863
Carrier_LPS	SPIB	56	-0.01904890936187508
Carrier_LPS	ETV6	56	0.3386126541119089
Carrier_LPS	CEBPB	57	0.1644831323668879
Carrier_LPS	FOS	57	-0.05509416068283429
Carrier_LPS	FOSL2	57	0.02286275572415661
Carrier_LPS	GATA2	57	-0.21061509280585278
Carrier_LPS	GATA3	57	-0.2143611976696924
Carrier_LPS	JUN	57	-0.03411461861536376
Carrier_LPS	JUND	57	-0.05222869529874
Carrier_LPS	MAX	57	0.004274488551686762
Carrier_LPS	MEF2A	57	0.4328343042948109
Carrier_LPS	MYC	57	-0.18467687305243188
Carrier_LPS	NFIC	57	0.151917084405907
Carrier_LPS	PBX3	57	-0.0923723072754369
Carrier_LPS	TCF12	57	-0.1084202682563338
Carrier_LPS	SPI1	57	0.20909090909090902
Carrier_LPS	SPIB	57	-0.0019238585557512528
Carrier_LPS	ETV6	57	0.3169015038612653
Carrier_LPS	CEBPB	58	0.16391410377997556
Carrier_LPS	FOS	58	-0.053847717111502484
Carrier_LPS	FOSL2	58	0.022463080883349133
Carrier_LPS	GATA2	58	-0.2108860587996206
Carrier_LPS	GATA3	58	-0.21518764395068413
Carrier_LPS	JUN	58	-0.03541525538544912
Carrier_LPS	JUND	58	-0.05355642866820212
Carrier_LPS	MAX	58	0.002384500745156482
Carrier_LPS	MEF2A	58	0.4318520525674027
Carrier_LPS	MYC	58	-0.18332881723343716
Carrier_LPS	NFIC	58	0.1514496680666576
Carrier_LPS	PBX3	58	-0.09245359707356725
Carrier_LPS	TCF12	58	-0.11267443435848797
Carrier_LPS	SPI1	58	0.20931445603576745
Carrier_LPS	SPIB	58	0.0019238585557512528
Carrier_LPS	ETV6	58	0.31856794472293715
Carrier_LPS	CEBPB	59	0.15643544235198478
Carrier_LPS	FOS	59	-0.05617802465790542
Carrier_LPS	FOSL2	59	0.01705053515783769
Carrier_LPS	GATA2	59	-0.221833084947839
Carrier_LPS	GATA3	59	-0.2191234250101612
Carrier_LPS	JUN	59	-0.030205934155263504
Carrier_LPS	JUND	59	-0.05616447635821703
Carrier_LPS	MAX	59	0.004328681750440319
Carrier_LPS	MEF2A	59	0.43467687305243186
Carrier_LPS	MYC	59	-0.186282346565506
Carrier_LPS	NFIC	59	0.1498035496545183
Carrier_LPS	PBX3	59	-0.08893781330443026
Carrier_LPS	TCF12	59	-0.10243191979406581
Carrier_LPS	SPI1	59	0.2014428939168134
Carrier_LPS	SPIB	59	0.013412816691505213
Carrier_LPS	ETV6	59	0.3102831594634872
Carrier_LPS	CEBPB	60	0.17638531364313775
Carrier_LPS	FOS	60	-0.03977780788511041
Carrier_LPS	FOSL2	60	0.03410784446551957
Carrier_LPS	GATA2	60	-0.19939710066386662
Carrier_LPS	GATA3	60	-0.21669150521609531
Carrier_LPS	JUN	60	-0.025111773472429204
Carrier_LPS	JUND	60	-0.04514293456171249
Carrier_LPS	MAX	60	-0.01199701937406855
Carrier_LPS	MEF2A	60	0.43461590570383407
Carrier_LPS	MYC	60	-0.1743327462403468
Carrier_LPS	NFIC	60	0.16373797588402653
Carrier_LPS	PBX3	60	-0.07764530551415795
Carrier_LPS	TCF12	60	-0.11101476764666031
Carrier_LPS	SPI1	60	0.22201598699363223
Carrier_LPS	SPIB	60	-0.009619292778756264
Carrier_LPS	ETV6	60	0.33437881045928725
Carrier_LPS	CEBPB	61	0.16447635821704373
Carrier_LPS	FOS	61	-0.06406990922639207
Carrier_LPS	FOSL2	61	0.01999729034006232
Carrier_LPS	GATA2	61	-0.2131012057986722
Carrier_LPS	GATA3	61	-0.21012057986722663
Carrier_LPS	JUN	61	-0.03920200514835387
Carrier_LPS	JUND	61	-0.048651944181005276
Carrier_LPS	MAX	61	0.010587996206476085
Carrier_LPS	MEF2A	61	0.427408210269611
Carrier_LPS	MYC	61	-0.17910174773065973
Carrier_LPS	NFIC	61	0.14901774827259173
Carrier_LPS	PBX3	61	-0.10078580138192654
Carrier_LPS	TCF12	61	-0.10751253217721173
Carrier_LPS	SPI1	61	0.20363094431648823
Carrier_LPS	SPIB	61	0.008894458745427446
Carrier_LPS	ETV6	61	0.31154315133450744
Carrier_LPS	CEBPB	62	0.17480693672944042
Carrier_LPS	FOS	62	-0.04185747188727813
Carrier_LPS	FOSL2	62	0.028796910987671037
Carrier_LPS	GATA2	62	-0.21703698685814926
Carrier_LPS	GATA3	62	-0.22931174637582974
Carrier_LPS	JUN	62	-0.03589622002438693
Carrier_LPS	JUND	62	-0.04967484080747865
Carrier_LPS	MAX	62	-0.010872510499932255
Carrier_LPS	MEF2A	62	0.4362078309172198
Carrier_LPS	MYC	62	-0.1830172063406042
Carrier_LPS	NFIC	62	0.16203766427313368
Carrier_LPS	PBX3	62	-0.08275301449668064
Carrier_LPS	TCF12	62	-0.11121799214198615
Carrier_LPS	SPI1	62	0.21891342636499114
Carrier_LPS	SPIB	62	0.005466738924265004
Carrier_LPS	ETV6	62	0.32532177211759916
Carrier_LPS	CEBPB	63	0.14585422029535292
Carrier_LPS	FOS	63	-0.07167050535157837
Carrier_LPS	FOSL2	63	0.0017274082102696107
Carrier_LPS	GATA2	63	-0.20033870749220967
Carrier_LPS	GATA3	63	-0.1990448448719685
Carrier_LPS	JUN	63	-0.04038748137108792
Carrier_LPS	JUND	63	-0.06190895542609401
Carrier_LPS	MAX	63	0.008460913155398994
Carrier_LPS	MEF2A	63	0.4203630944316487
Carrier_LPS	MYC	63	-0.170613737975884
Carrier_LPS	NFIC	63	0.13256333830104317
Carrier_LPS	PBX3	63	-0.10533125592738107
Carrier_LPS	TCF12	63	-0.09707356726730794
Carrier_LPS	SPI1	63	0.1912207018019238
Carrier_LPS	SPIB	63	0.0011583796233572685
Carrier_LPS	ETV6	63	0.30449803549654514
Carrier_LPS	CEBPB	64	0.1697398726459829
Carrier_LPS	FOS	64	-0.040333288172334364
Carrier_LPS	FOSL2	64	0.0341891342636499
Carrier_LPS	GATA2	64	-0.22192114889581352
Carrier_LPS	GATA3	64	-0.22154857065438285
Carrier_LPS	JUN	64	-0.03516461184121392
Carrier_LPS	JUND	64	-0.0498577428532719
Carrier_LPS	MAX	64	-0.0019238585557512528
Carrier_LPS	MEF2A	64	0.43294946484216223
Carrier_LPS	MYC	64	-0.1920945671318249
Carrier_LPS	NFIC	64	0.14871968567944718
Carrier_LPS	PBX3	64	-0.08597073567267305
Carrier_LPS	TCF12	64	-0.12413629589486518
Carrier_LPS	SPI1	64	0.20885381384636226
Carrier_LPS	SPIB	64	0.00943639073296301
Carrier_LPS	ETV6	64	0.32918981167863426
Carrier_LPS	CEBPB	65	0.15241159734453322
Carrier_LPS	FOS	65	-0.0698753556428668
Carrier_LPS	FOSL2	65	0.011285733640428123
Carrier_LPS	GATA2	65	-0.1991803278688524
Carrier_LPS	GATA3	65	-0.19807614144424868
Carrier_LPS	JUN	65	-0.04412681208508331
Carrier_LPS	JUND	65	-0.058488009754775756
Carrier_LPS	MAX	65	-0.0014699905161902178
Carrier_LPS	MEF2A	65	0.42028857878336257
Carrier_LPS	MYC	65	-0.16857471887278141
Carrier_LPS	NFIC	65	0.1335049451293862
Carrier_LPS	PBX3	65	-0.10988348462267983
Carrier_LPS	TCF12	65	-0.09292101341281668
Carrier_LPS	SPI1	65	0.19147811949600319
Carrier_LPS	SPIB	65	0.017192792304565774
Carrier_LPS	ETV6	65	0.3041931987535563
Carrier_LPS	CEBPB	66	0.16720634060425413
Carrier_LPS	FOS	66	-0.05614415390868444
Carrier_LPS	FOSL2	66	0.024718872781465916
Carrier_LPS	GATA2	66	-0.20485706543828744
Carrier_LPS	GATA3	66	-0.21737569435035894
Carrier_LPS	JUN	66	-0.03678363365397642
Carrier_LPS	JUND	66	-0.051659666711827645
Carrier_LPS	MAX	66	0.0013480558189947157
Carrier_LPS	MEF2A	66	0.4337826852729981
Carrier_LPS	MYC	66	-0.18658040915865054
Carrier_LPS	NFIC	66	0.15869123425010156
Carrier_LPS	PBX3	66	-0.089764259585422
Carrier_LPS	TCF12	66	-0.11908955426094021
Carrier_LPS	SPI1	66	0.2083728492074244
Carrier_LPS	SPIB	66	-0.0024522422435984278
Carrier_LPS	ETV6	66	0.3177279501422571
Carrier_LPS	CEBPB	67	0.1791288443300365
Carrier_LPS	FOS	67	-0.06127218534073972
Carrier_LPS	FOSL2	67	0.03438558460913155
Carrier_LPS	GATA2	67	-0.19966129250779024
Carrier_LPS	GATA3	67	-0.23223817910852182
Carrier_LPS	JUN	67	-0.028315946348733228
Carrier_LPS	JUND	67	-0.04206069638260397
Carrier_LPS	MAX	67	0.009443164882807206
Carrier_LPS	MEF2A	67	0.43498170979542056
Carrier_LPS	MYC	67	-0.19785936864923445
Carrier_LPS	NFIC	67	0.16256604796098087
Carrier_LPS	PBX3	67	-0.09733098496138733
Carrier_LPS	TCF12	67	-0.12451564828614006
Carrier_LPS	SPI1	67	0.22076276927245622
Carrier_LPS	SPIB	67	0.010032515919252132
Carrier_LPS	ETV6	67	0.32832272049857736
Carrier_LPS	CEBPB	68	0.1468161495732285
Carrier_LPS	FOS	68	-0.07110147676466602
Carrier_LPS	FOSL2	68	0.026324346294540026
Carrier_LPS	GATA2	68	-0.19655195772930492
Carrier_LPS	GATA3	68	-0.1960506706408345
Carrier_LPS	JUN	68	-0.021277604660615086
Carrier_LPS	JUND	68	-0.07954206747053243
Carrier_LPS	MAX	68	-0.0043693266495054865
Carrier_LPS	MEF2A	68	0.41810730253353195
Carrier_LPS	MYC	68	-0.16857471887278141
Carrier_LPS	NFIC	68	0.12965722801788374
Carrier_LPS	PBX3	68	-0.103448042270695
Carrier_LPS	TCF12	68	-0.11026283701395471
Carrier_LPS	SPI1	68	0.18796910987671042
Carrier_LPS	SPIB	68	-0.00678769814388294
Carrier_LPS	ETV6	68	0.30196450345481635
Carrier_LPS	CEBPB	69	0.16779569164069902
Carrier_LPS	FOS	69	-0.05179514970871154
Carrier_LPS	FOSL2	69	0.023391139412003787
Carrier_LPS	GATA2	69	-0.20719414713453455
Carrier_LPS	GATA3	69	-0.21570925348868714
Carrier_LPS	JUN	69	-0.037325565641511974
Carrier_LPS	JUND	69	-0.05200514835388158
Carrier_LPS	MAX	69	0.00030483674298875484
Carrier_LPS	MEF2A	69	0.43298333559138313
Carrier_LPS	MYC	69	-0.1826446280991735
Carrier_LPS	NFIC	69	0.15539222327597882
Carrier_LPS	PBX3	69	-0.09004877387887816
Carrier_LPS	TCF12	69	-0.11014090231675923
Carrier_LPS	SPI1	69	0.21234927516596663
Carrier_LPS	SPIB	69	-0.001151605473513074
Carrier_LPS	ETV6	69	0.3210201869665356
Carrier_LPS	CEBPB	70	0.16852052567402787
Carrier_LPS	FOS	70	-0.049945806801246426
Carrier_LPS	FOSL2	70	0.021216637312017336
Carrier_LPS	GATA2	70	-0.2228356591247798
Carrier_LPS	GATA3	70	-0.22851917084405904
Carrier_LPS	JUN	70	-0.0414036038477171
Carrier_LPS	JUND	70	-0.05304836742988753
Carrier_LPS	MAX	70	-0.010615092805852863
Carrier_LPS	MEF2A	70	0.4406855439642324
Carrier_LPS	MYC	70	-0.18996748408074782
Carrier_LPS	NFIC	70	0.14293456171250507
Carrier_LPS	PBX3	70	-0.08824685002032243
Carrier_LPS	TCF12	70	-0.13024657905432863
Carrier_LPS	SPI1	70	0.2182156889310391
Carrier_LPS	SPIB	70	0.013487332339791352
Carrier_LPS	ETV6	70	0.3219482454951903
Carrier_LPS	CEBPB	71	0.15274353068689875
Carrier_LPS	FOS	71	-0.06451022896626472
Carrier_LPS	FOSL2	71	0.00958542202953529
Carrier_LPS	GATA2	71	-0.21279636905568344
Carrier_LPS	GATA3	71	-0.2067741498441945
Carrier_LPS	JUN	71	-0.046653569976967874
Carrier_LPS	JUND	71	-0.05507383823330171
Carrier_LPS	MAX	71	0.007309307681885923
Carrier_LPS	MEF2A	71	0.4412952174502099
Carrier_LPS	MYC	71	-0.1812627015309578
Carrier_LPS	NFIC	71	0.14344262295081964
Carrier_LPS	PBX3	71	-0.09284649776453054
Carrier_LPS	TCF12	71	-0.11570247933884294
Carrier_LPS	SPI1	71	0.1970938897168405
Carrier_LPS	SPIB	71	0.01312830239804904
Carrier_LPS	ETV6	71	0.312396694214876
Carrier_LPS	CEBPB	72	0.1857336404281262
Carrier_LPS	FOS	72	-0.03683782685272997
Carrier_LPS	FOSL2	72	0.039872645982929125
Carrier_LPS	GATA2	72	-0.19794743259720898
Carrier_LPS	GATA3	72	-0.2310188321365668
Carrier_LPS	JUN	72	-0.030395610350900954
Carrier_LPS	JUND	72	-0.04336810730253352
Carrier_LPS	MAX	72	-0.010350900961929276
Carrier_LPS	MEF2A	72	0.4285327191437473
Carrier_LPS	MYC	72	-0.19865194418100524
Carrier_LPS	NFIC	72	0.16923858555751248
Carrier_LPS	PBX3	72	-0.07631079799485163
Carrier_LPS	TCF12	72	-0.10943639073296299
Carrier_LPS	SPI1	72	0.22982658176398854
Carrier_LPS	SPIB	72	0.009294133586234926
Carrier_LPS	ETV6	72	0.3356658989296843
Carrier_LPS	CEBPB	73	0.14565776994987126
Carrier_LPS	FOS	73	-0.07141308765749896
Carrier_LPS	FOSL2	73	0.004010296707763175
Carrier_LPS	GATA2	73	-0.22223953393849066
Carrier_LPS	GATA3	73	-0.21444248746782274
Carrier_LPS	JUN	73	-0.050094838097818714
Carrier_LPS	JUND	73	-0.07049180327868851
Carrier_LPS	MAX	73	0.005710608318656007
Carrier_LPS	MEF2A	73	0.4240617802465789
Carrier_LPS	MYC	73	-0.18106625118547617
Carrier_LPS	NFIC	73	0.13319333423655327
Carrier_LPS	PBX3	73	-0.11023574041457793
Carrier_LPS	TCF12	73	-0.09310391545860992
Carrier_LPS	SPI1	73	0.1913426364991193
Carrier_LPS	SPIB	73	0.011834439777807883
Carrier_LPS	ETV6	73	0.30481642053922225
Carrier_LPS	CEBPB	74	0.1755520932123018
Carrier_LPS	FOS	74	-0.07303210947026147
Carrier_LPS	FOSL2	74	0.0231269475680802
Carrier_LPS	GATA2	74	-0.20004741904890933
Carrier_LPS	GATA3	74	-0.2136228153366752
Carrier_LPS	JUN	74	-0.041098767104728345
Carrier_LPS	JUND	74	-0.04144424874678227
Carrier_LPS	MAX	74	0.021358894458745423
Carrier_LPS	MEF2A	74	0.4250575802736755
Carrier_LPS	MYC	74	-0.18375558867362138
Carrier_LPS	NFIC	74	0.14950548706137376
Carrier_LPS	PBX3	74	-0.11247120986316214
Carrier_LPS	TCF12	74	-0.11158379623357265
Carrier_LPS	SPI1	74	0.21123154044167455
Carrier_LPS	SPIB	74	0.003624170166644085
Carrier_LPS	ETV6	74	0.3290340062322178
Carrier_LPS	CEBPB	75	0.1636092670369868
Carrier_LPS	FOS	75	-0.05749220972767916
Carrier_LPS	FOSL2	75	0.020200514835388154
Carrier_LPS	GATA2	75	-0.21095380029806254
Carrier_LPS	GATA3	75	-0.21331797859368645
Carrier_LPS	JUN	75	-0.03537461048638395
Carrier_LPS	JUND	75	-0.05341417152147404
Carrier_LPS	MAX	75	0.005866413765072482
Carrier_LPS	MEF2A	75	0.43348462267985355
Carrier_LPS	MYC	75	-0.183498170979542
Carrier_LPS	NFIC	75	0.15093483267849883
Carrier_LPS	PBX3	75	-0.09537325565641509
Carrier_LPS	TCF12	75	-0.11508603170302123
Carrier_LPS	SPI1	75	0.20706543828749485
Carrier_LPS	SPIB	75	-0.0014699905161902178
Carrier_LPS	ETV6	75	0.31809375423384356
Carrier_LPS	CEBPB	76	0.16705053515783766
Carrier_LPS	FOS	76	-0.0418981167863433
Carrier_LPS	FOSL2	76	0.026663053786749755
Carrier_LPS	GATA2	76	-0.20090773607912202
Carrier_LPS	GATA3	76	-0.20406448990651668
Carrier_LPS	JUN	76	-0.038531364313778606
Carrier_LPS	JUND	76	-0.04382874949193875
Carrier_LPS	MAX	76	0.00687576209185747
Carrier_LPS	MEF2A	76	0.4220430835930089
Carrier_LPS	MYC	76	-0.17559951226121115
Carrier_LPS	NFIC	76	0.1606692860046064
Carrier_LPS	PBX3	76	-0.09015716027638529
Carrier_LPS	TCF12	76	-0.11031703021270828
Carrier_LPS	SPI1	76	0.20997154857065434
Carrier_LPS	SPIB	76	-0.005046741633924941
Carrier_LPS	ETV6	76	0.3080205934155263
Carrier_LPS	CEBPB	77	0.16207830917219884
Carrier_LPS	FOS	77	-0.05132095921961793
Carrier_LPS	FOSL2	77	0.021277604660615086
Carrier_LPS	GATA2	77	-0.21486925890800698
Carrier_LPS	GATA3	77	-0.2140970058257688
Carrier_LPS	JUN	77	-0.04508196721311475
Carrier_LPS	JUND	77	-0.06046606150928056
Carrier_LPS	MAX	77	0.005466738924265004
Carrier_LPS	MEF2A	77	0.4283701395474867
Carrier_LPS	MYC	77	-0.17922368242785527
Carrier_LPS	NFIC	77	0.14955290611028313
Carrier_LPS	PBX3	77	-0.08947974529196584
Carrier_LPS	TCF12	77	-0.1165018290204579
Carrier_LPS	SPI1	77	0.20602221921148892
Carrier_LPS	SPIB	77	-0.00678769814388294
Carrier_LPS	ETV6	77	0.31424603712234106
Carrier_LPS	CEBPB	78	0.16852729982387205
Carrier_LPS	FOS	78	-0.05101612247662917
Carrier_LPS	FOSL2	78	0.02488145237772659
Carrier_LPS	GATA2	78	-0.20916542473919517
Carrier_LPS	GATA3	78	-0.21827665627963683
Carrier_LPS	JUN	78	-0.03513074109199295
Carrier_LPS	JUND	78	-0.0516122476629183
Carrier_LPS	MAX	78	0.00461319604389649
Carrier_LPS	MEF2A	78	0.4337013954748678
Carrier_LPS	MYC	78	-0.18933071399539353
Carrier_LPS	NFIC	78	0.155398997425823
Carrier_LPS	PBX3	78	-0.09004877387887816
Carrier_LPS	TCF12	78	-0.11383281398184525
Carrier_LPS	SPI1	78	0.21350765478932388
Carrier_LPS	SPIB	78	-0.0006367700853542878
Carrier_LPS	ETV6	78	0.31934019780517536
Carrier_LPS	CEBPB	79	0.1499729034006232
Carrier_LPS	FOS	79	-0.06421216637312015
Carrier_LPS	FOSL2	79	0.008867362146050668
Carrier_LPS	GATA2	79	-0.22456306733504938
Carrier_LPS	GATA3	79	-0.20856252540306186
Carrier_LPS	JUN	79	-0.04099715485706542
Carrier_LPS	JUND	79	-0.08017206340604252
Carrier_LPS	MAX	79	-0.00492480693672944
Carrier_LPS	MEF2A	79	0.43269882129792697
Carrier_LPS	MYC	79	-0.17076954342230044
Carrier_LPS	NFIC	79	0.13933748814523775
Carrier_LPS	PBX3	79	-0.09137650724834032
Carrier_LPS	TCF12	79	-0.10560222192114886
Carrier_LPS	SPI1	79	0.19349681614957318
Carrier_LPS	SPIB	79	-0.016616989567809236
Carrier_LPS	ETV6	79	0.3138666847310662
Carrier_LPS	CEBPB	80	0.15955832543015847
Carrier_LPS	FOS	80	-0.06084541390055546
Carrier_LPS	FOSL2	80	0.015336675247256466
Carrier_LPS	GATA2	80	-0.21631892697466465
Carrier_LPS	GATA3	80	-0.21314185069773736
Carrier_LPS	JUN	80	-0.03546944858420267
Carrier_LPS	JUND	80	-0.0511041864246037
Carrier_LPS	MAX	80	-0.0016867633112044437
Carrier_LPS	MEF2A	80	0.4349749356455764
Carrier_LPS	MYC	80	-0.1776859504132231
Carrier_LPS	NFIC	80	0.1498238721040509
Carrier_LPS	PBX3	80	-0.09932258501558053
Carrier_LPS	TCF12	80	-0.11290475545319059
Carrier_LPS	SPI1	80	0.20446416474732418
Carrier_LPS	SPIB	80	0.0012803143205527702
Carrier_LPS	ETV6	80	0.3169150521609537
Carrier_LPS	CEBPB	81	0.14692453597073563
Carrier_LPS	FOS	81	-0.05857607370275029
Carrier_LPS	FOSL2	81	0.0029670776317572136
Carrier_LPS	GATA2	81	-0.22316081831730109
Carrier_LPS	GATA3	81	-0.19890936187508462
Carrier_LPS	JUN	81	-0.022673079528519165
Carrier_LPS	JUND	81	-0.04664679582712368
Carrier_LPS	MAX	81	0.003238043625524996
Carrier_LPS	MEF2A	81	0.4218805039967483
Carrier_LPS	MYC	81	-0.169604389649099
Carrier_LPS	NFIC	81	0.13382333017206338
Carrier_LPS	PBX3	81	-0.10325836607505755
Carrier_LPS	TCF12	81	-0.09920065031838501
Carrier_LPS	SPI1	81	0.19325972090502638
Carrier_LPS	SPIB	81	0.008149302262566046
Carrier_LPS	ETV6	81	0.3065912477984012
Carrier_LPS	CEBPB	82	0.15931445603576747
Carrier_LPS	FOS	82	-0.06108928329494648
Carrier_LPS	FOSL2	82	0.016989567809239933
Carrier_LPS	GATA2	82	-0.2059070586641376
Carrier_LPS	GATA3	82	-0.21388700718059878
Carrier_LPS	JUN	82	-0.04336810730253352
Carrier_LPS	JUND	82	-0.05609673485977508
Carrier_LPS	MAX	82	0.008325430158515104
Carrier_LPS	MEF2A	82	0.42952851917084395
Carrier_LPS	MYC	82	-0.17911529603034815
Carrier_LPS	NFIC	82	0.14889581357539625
Carrier_LPS	PBX3	82	-0.09062457661563471
Carrier_LPS	TCF12	82	-0.10950413223140494
Carrier_LPS	SPI1	82	0.2029061102831594
Carrier_LPS	SPIB	82	-0.002973851781601408
Carrier_LPS	ETV6	82	0.31178024657905423
Carrier_LPS	CEBPB	83	0.15924671453732553
Carrier_LPS	FOS	83	-0.05857607370275029
Carrier_LPS	FOSL2	83	0.0161631215282482
Carrier_LPS	GATA2	83	-0.22932529467551815
Carrier_LPS	GATA3	83	-0.20597480016257955
Carrier_LPS	JUN	83	-0.02721853407397371
Carrier_LPS	JUND	83	-0.06278282075599512
Carrier_LPS	MAX	83	0.014517003116108925
Carrier_LPS	MEF2A	83	0.4440184256875761
Carrier_LPS	MYC	83	-0.18916136024928865
Carrier_LPS	NFIC	83	0.13755588673621458
Carrier_LPS	PBX3	83	-0.09100392900690961
Carrier_LPS	TCF12	83	-0.12602628370139543
Carrier_LPS	SPI1	83	0.20085354288036847
Carrier_LPS	SPIB	83	-0.015566996341959079
Carrier_LPS	ETV6	83	0.31362958948651937
Carrier_LPS	CEBPB	84	0.16719956645440995
Carrier_LPS	FOS	84	-0.04892291017477305
Carrier_LPS	FOSL2	84	0.022524048231946887
Carrier_LPS	GATA2	84	-0.21703698685814926
Carrier_LPS	GATA3	84	-0.20899607099309034
Carrier_LPS	JUN	84	-0.023418236011380565
Carrier_LPS	JUND	84	-0.04188456848665491
Carrier_LPS	MAX	84	-0.005155128031432053
Carrier_LPS	MEF2A	84	0.42686627828207546
Carrier_LPS	MYC	84	-0.1830172063406042
Carrier_LPS	NFIC	84	0.15761414442487465
Carrier_LPS	PBX3	84	-0.09483809781872372
Carrier_LPS	TCF12	84	-0.10326514022490174
Carrier_LPS	SPI1	84	0.21149573228559812
Carrier_LPS	SPIB	84	0.0023235333965587316
Carrier_LPS	ETV6	84	0.3122883078173689
Carrier_LPS	CEBPB	85	0.17199566454409967
Carrier_LPS	FOS	85	-0.05380707221243732
Carrier_LPS	FOSL2	85	0.029718195366481497
Carrier_LPS	GATA2	85	-0.20479609808968968
Carrier_LPS	GATA3	85	-0.21253217721175988
Carrier_LPS	JUN	85	-0.03136431377862078
Carrier_LPS	JUND	85	-0.04645034548164204
Carrier_LPS	MAX	85	-0.0038680395610350884
Carrier_LPS	MEF2A	85	0.43015851510635406
Carrier_LPS	MYC	85	-0.18657363500880633
Carrier_LPS	NFIC	85	0.15871155669963416
Carrier_LPS	PBX3	85	-0.09007587047825497
Carrier_LPS	TCF12	85	-0.10992412952174499
Carrier_LPS	SPI1	85	0.21549248069367288
Carrier_LPS	SPIB	85	0.008813168947297112
Carrier_LPS	ETV6	85	0.32435306868987934
Carrier_LPS	CEBPB	86	0.1638870071805988
Carrier_LPS	FOS	86	-0.05353610621866954
Carrier_LPS	FOSL2	86	0.022043083593009074
Carrier_LPS	GATA2	86	-0.21394120037935235
Carrier_LPS	GATA3	86	-0.22054599647744202
Carrier_LPS	JUN	86	-0.03294269069231811
Carrier_LPS	JUND	86	-0.05611705730930767
Carrier_LPS	MAX	86	0.0008603170302127081
Carrier_LPS	MEF2A	86	0.4423723072754368
Carrier_LPS	MYC	86	-0.18374204037393305
Carrier_LPS	NFIC	86	0.15025741769407935
Carrier_LPS	PBX3	86	-0.09133586234927514
Carrier_LPS	TCF12	86	-0.10720092128437878
Carrier_LPS	SPI1	86	0.20804769001490306
Carrier_LPS	SPIB	86	0.004172876304023843
Carrier_LPS	ETV6	86	0.31957729304972216
Carrier_LPS	CEBPB	87	0.1675924671453732
Carrier_LPS	FOS	87	-0.05337352662240887
Carrier_LPS	FOSL2	87	0.02435984283972361
Carrier_LPS	GATA2	87	-0.20916542473919517
Carrier_LPS	GATA3	87	-0.2129860452513209
Carrier_LPS	JUN	87	-0.035516867633112036
Carrier_LPS	JUND	87	-0.05218805039967483
Carrier_LPS	MAX	87	0.0024386939439100387
Carrier_LPS	MEF2A	87	0.4332881723343719
Carrier_LPS	MYC	87	-0.18612654111908952
Carrier_LPS	NFIC	87	0.15512803143205525
Carrier_LPS	PBX3	87	-0.09132908819943095
Carrier_LPS	TCF12	87	-0.1110350900961929
Carrier_LPS	SPI1	87	0.21137379758840258
Carrier_LPS	SPIB	87	0.0011583796233572685
Carrier_LPS	ETV6	87	0.32113534751388695
Carrier_LPS	CEBPB	88	0.16566183443977778
Carrier_LPS	FOS	88	-0.05884026554667387
Carrier_LPS	FOSL2	88	0.023702750304836737
Carrier_LPS	GATA2	88	-0.21217314727001754
Carrier_LPS	GATA3	88	-0.2138531364313778
Carrier_LPS	JUN	88	-0.03549654518357945
Carrier_LPS	JUND	88	-0.05533125592738109
Carrier_LPS	MAX	88	0.0059680260127354
Carrier_LPS	MEF2A	88	0.4347988077496273
Carrier_LPS	MYC	88	-0.1847378404010296
Carrier_LPS	NFIC	88	0.14972225985638798
Carrier_LPS	PBX3	88	-0.09834033328817231
Carrier_LPS	TCF12	88	-0.11772117599241291
Carrier_LPS	SPI1	88	0.20973445332610752
Carrier_LPS	SPIB	88	0.004172876304023843
Carrier_LPS	ETV6	88	0.3231133992683918
Carrier_LPS	CEBPB	89	0.16550602899336128
Carrier_LPS	FOS	89	-0.04882807207695433
Carrier_LPS	FOSL2	89	0.023228559815743118
Carrier_LPS	GATA2	89	-0.20800704511583792
Carrier_LPS	GATA3	89	-0.2094838097818723
Carrier_LPS	JUN	89	-0.0432732692047148
Carrier_LPS	JUND	89	-0.053502235469448566
Carrier_LPS	MAX	89	-0.003326107573499525
Carrier_LPS	MEF2A	89	0.4399200650318384
Carrier_LPS	MYC	89	-0.18233979135618475
Carrier_LPS	NFIC	89	0.14871968567944718
Carrier_LPS	PBX3	89	-0.08993361333152687
Carrier_LPS	TCF12	89	-0.11502506435442349
Carrier_LPS	SPI1	89	0.20921961793794874
Carrier_LPS	SPIB	89	0.0003183850426771439
Carrier_LPS	ETV6	89	0.3209388971684053
Carrier_LPS	CEBPB	90	0.1713182495596802
Carrier_LPS	FOS	90	-0.049220972767917606
Carrier_LPS	FOSL2	90	0.022957593821975337
Carrier_LPS	GATA2	90	-0.20843381655602214
Carrier_LPS	GATA3	90	-0.2140970058257688
Carrier_LPS	JUN	90	-0.042033599783227196
Carrier_LPS	JUND	90	-0.049640970058257676
Carrier_LPS	MAX	90	0.000575802736756537
Carrier_LPS	MEF2A	90	0.43452106760601533
Carrier_LPS	MYC	90	-0.1877726595312288
Carrier_LPS	NFIC	90	0.15156482861400888
Carrier_LPS	PBX3	90	-0.08727137244275841
Carrier_LPS	TCF12	90	-0.11427313372171789
Carrier_LPS	SPI1	90	0.21102154179650445
Carrier_LPS	SPIB	90	-0.006252540306191571
Carrier_LPS	ETV6	90	0.3202885787833626
Carrier_LPS	CEBPB	91	0.15390868446010023
Carrier_LPS	FOS	91	-0.05940929413358621
Carrier_LPS	FOSL2	91	0.0077496274217585676
Carrier_LPS	GATA2	91	-0.22331662376371758
Carrier_LPS	GATA3	91	-0.21967890529738512
Carrier_LPS	JUN	91	-0.05042677144018424
Carrier_LPS	JUND	91	-0.07242243598428395
Carrier_LPS	MAX	91	0.0057715756672537585
Carrier_LPS	MEF2A	91	0.430503996748408
Carrier_LPS	MYC	91	-0.17339113941200374
Carrier_LPS	NFIC	91	0.14047554531906242
Carrier_LPS	PBX3	91	-0.08635008806394795
Carrier_LPS	TCF12	91	-0.12238179108521878
Carrier_LPS	SPI1	91	0.19811678634331387
Carrier_LPS	SPIB	91	-0.019326649505487056
Carrier_LPS	ETV6	91	0.31432055277062726
Carrier_LPS	CEBPB	92	0.16680666576344663
Carrier_LPS	FOS	92	-0.047920335997832256
Carrier_LPS	FOSL2	92	0.025748543557783492
Carrier_LPS	GATA2	92	-0.21121121799214193
Carrier_LPS	GATA3	92	-0.20623221785665893
Carrier_LPS	JUN	92	-0.03921555344804226
Carrier_LPS	JUND	92	-0.0515986993632299
Carrier_LPS	MAX	92	-0.007126405636092668
Carrier_LPS	MEF2A	92	0.43819943097141295
Carrier_LPS	MYC	92	-0.19760195095515506
Carrier_LPS	NFIC	92	0.14743259720905025
Carrier_LPS	PBX3	92	-0.1011990245224224
Carrier_LPS	TCF12	92	-0.10831865600867088
Carrier_LPS	SPI1	92	0.20964638937813296
Carrier_LPS	SPIB	92	-0.008128979813033463
Carrier_LPS	ETV6	92	0.3223817910852187
Carrier_LPS	CEBPB	93	0.1523032109470261
Carrier_LPS	FOS	93	-0.060906381249153214
Carrier_LPS	FOSL2	93	0.018168269882129787
Carrier_LPS	GATA2	93	-0.1988077496274217
Carrier_LPS	GATA3	93	-0.20151063541525532
Carrier_LPS	JUN	93	-0.030503996748408067
Carrier_LPS	JUND	93	-0.061543151334507495
Carrier_LPS	MAX	93	0.01026961116379894
Carrier_LPS	MEF2A	93	0.4249830646253894
Carrier_LPS	MYC	93	-0.1743327462403468
Carrier_LPS	NFIC	93	0.14315133450751927
Carrier_LPS	PBX3	93	-0.10736350088063944
Carrier_LPS	TCF12	93	-0.1066793117463758
Carrier_LPS	SPI1	93	0.20028451429345612
Carrier_LPS	SPIB	93	0.002906110283159463
Carrier_LPS	ETV6	93	0.30821026961116366
Carrier_LPS	CEBPB	94	0.15970735672673075
Carrier_LPS	FOS	94	-0.04953935781059475
Carrier_LPS	FOSL2	94	0.0207627692724563
Carrier_LPS	GATA2	94	-0.215146999051619
Carrier_LPS	GATA3	94	-0.20572415661834434
Carrier_LPS	JUN	94	-0.0466332475274353
Carrier_LPS	JUND	94	-0.06430023032109468
Carrier_LPS	MAX	94	-0.006896084541390053
Carrier_LPS	MEF2A	94	0.44579325294675504
Carrier_LPS	MYC	94	-0.17675789188456845
Carrier_LPS	NFIC	94	0.14605067064083455
Carrier_LPS	PBX3	94	-0.09015716027638529
Carrier_LPS	TCF12	94	-0.1107708982522693
Carrier_LPS	SPI1	94	0.20150386126541114
Carrier_LPS	SPIB	94	0.007478661427990784
Carrier_LPS	ETV6	94	0.31511990245224214
Carrier_LPS	CEBPB	95	0.16476764666034407
Carrier_LPS	FOS	95	-0.054125457255114466
Carrier_LPS	FOSL2	95	0.021135347513887
Carrier_LPS	GATA2	95	-0.21791085218805034
Carrier_LPS	GATA3	95	-0.2199769678905297
Carrier_LPS	JUN	95	-0.038389107167050525
Carrier_LPS	JUND	95	-0.058718330849478376
Carrier_LPS	MAX	95	0.00038612654111908946
Carrier_LPS	MEF2A	95	0.4357471887278145
Carrier_LPS	MYC	95	-0.1838842975206611
Carrier_LPS	NFIC	95	0.15141579731743662
Carrier_LPS	PBX3	95	-0.09480422706950276
Carrier_LPS	TCF12	95	-0.10881994309714128
Carrier_LPS	SPI1	95	0.2081628505622544
Carrier_LPS	SPIB	95	-0.0034615905703834155
Carrier_LPS	ETV6	95	0.3200514835388158
Carrier_LPS	CEBPB	96	0.17559951226121115
Carrier_LPS	FOS	96	-0.05696382603983199
Carrier_LPS	FOSL2	96	0.036614279907871555
Carrier_LPS	GATA2	96	-0.2398523235333965
Carrier_LPS	GATA3	96	-0.2242785530415932
Carrier_LPS	JUN	96	-0.0119360520254708
Carrier_LPS	JUND	96	-0.05062322178566589
Carrier_LPS	MAX	96	-0.002384500745156482
Carrier_LPS	MEF2A	96	0.4192656821568892
Carrier_LPS	MYC	96	-0.19987806530280444
Carrier_LPS	NFIC	96	0.14132231404958673
Carrier_LPS	PBX3	96	-0.08308494783904617
Carrier_LPS	TCF12	96	-0.12460371223411458
Carrier_LPS	SPI1	96	0.2135957187372984
Carrier_LPS	SPIB	96	-0.0018764395068418907
Carrier_LPS	ETV6	96	0.3162782820755994
Carrier_LPS	CEBPB	97	0.1657702208372849
Carrier_LPS	FOS	97	-0.05343449397100663
Carrier_LPS	FOSL2	97	0.022022761143476486
Carrier_LPS	GATA2	97	-0.2117260533803007
Carrier_LPS	GATA3	97	-0.21472700176127887
Carrier_LPS	JUN	97	-0.037921690827801106
Carrier_LPS	JUND	97	-0.054267714401842554
Carrier_LPS	MAX	97	0.0018899878065302802
Carrier_LPS	MEF2A	97	0.43356591247798393
Carrier_LPS	MYC	97	-0.1833694621325023
Carrier_LPS	NFIC	97	0.1519577293049722
Carrier_LPS	PBX3	97	-0.0917558596396152
Carrier_LPS	TCF12	97	-0.1094092941335862
Carrier_LPS	SPI1	97	0.20929413358623486
Carrier_LPS	SPIB	97	0.0007654789323939844
Carrier_LPS	ETV6	97	0.31828343042948104
Carrier_LPS	CEBPB	98	0.1459761549925484
Carrier_LPS	FOS	98	-0.0722395339384907
Carrier_LPS	FOSL2	98	0.0009212843788104591
Carrier_LPS	GATA2	98	-0.21134670098902583
Carrier_LPS	GATA3	98	-0.20084676873052426
Carrier_LPS	JUN	98	-0.04529196585828478
Carrier_LPS	JUND	98	-0.0605473513074109
Carrier_LPS	MAX	98	0.024935645576480148
Carrier_LPS	MEF2A	98	0.43049044844871964
Carrier_LPS	MYC	98	-0.1741904890936187
Carrier_LPS	NFIC	98	0.14132231404958673
Carrier_LPS	PBX3	98	-0.10943639073296299
Carrier_LPS	TCF12	98	-0.113649911936052
Carrier_LPS	SPI1	98	0.19622679853678357
Carrier_LPS	SPIB	98	0.006008670911800567
Carrier_LPS	ETV6	98	0.3075328546267443
Carrier_LPS	CEBPB	99	0.16638666847310657
Carrier_LPS	FOS	99	-0.04855033193334235
Carrier_LPS	FOSL2	99	0.02616854084812355
Carrier_LPS	GATA2	99	-0.20743801652892557
Carrier_LPS	GATA3	99	-0.20990380707221235
Carrier_LPS	JUN	99	-0.04489906516732149
Carrier_LPS	JUND	99	-0.060283159463487314
Carrier_LPS	MAX	99	-0.001375152418371494
Carrier_LPS	MEF2A	99	0.4288036851375151
Carrier_LPS	MYC	99	-0.17953529332068818
Carrier_LPS	NFIC	99	0.15146999051619017
Carrier_LPS	PBX3	99	-0.09133586234927514
Carrier_LPS	TCF12	99	-0.1163934426229508
Carrier_LPS	SPI1	99	0.2097412274759517
Carrier_LPS	SPIB	99	-0.006977374339520389
Carrier_LPS	ETV6	99	0.3127895949058392
Carrier_LPS	CEBPB	100	0.16495732285598155
Carrier_LPS	FOS	100	-0.05045386803956102
Carrier_LPS	FOSL2	100	0.026270153095786467
Carrier_LPS	GATA2	100	-0.21068283430429477
Carrier_LPS	GATA3	100	-0.20868446010025735
Carrier_LPS	JUN	100	-0.03156076412410242
Carrier_LPS	JUND	100	-0.05674705324481776
Carrier_LPS	MAX	100	-0.0023235333965587316
Carrier_LPS	MEF2A	100	0.43940522964367956
Carrier_LPS	MYC	100	-0.18321365668608583
Carrier_LPS	NFIC	100	0.15949735808156074
Carrier_LPS	PBX3	100	-0.0930090773607912
Carrier_LPS	TCF12	100	-0.1091654247391952
Carrier_LPS	SPI1	100	0.21081831730117864
Carrier_LPS	SPIB	100	0.002567402790949735
Carrier_LPS	ETV6	100	0.3128234656550602
Carrier_LPS	CEBPB	101	0.15697737433952033
Carrier_LPS	FOS	101	-0.06287088470396963
Carrier_LPS	FOSL2	101	0.013629589486519437
Carrier_LPS	GATA2	101	-0.21253895136160406
Carrier_LPS	GATA3	101	-0.21479474325972084
Carrier_LPS	JUN	101	-0.04042812627015309
Carrier_LPS	JUND	101	-0.059727679176263364
Carrier_LPS	MAX	101	-0.005310933477848528
Carrier_LPS	MEF2A	101	0.43596396152282874
Carrier_LPS	MYC	101	-0.19571873729846898
Carrier_LPS	NFIC	101	0.14470261482183983
Carrier_LPS	PBX3	101	-0.10384771711150248
Carrier_LPS	TCF12	101	-0.09737162986045249
Carrier_LPS	SPI1	101	0.2021406313507654
Carrier_LPS	SPIB	101	0.012098631621731469
Carrier_LPS	ETV6	101	0.3202072889852322
Carrier_LPS	CEBPB	102	0.16675247256469308
Carrier_LPS	FOS	102	-0.040143611976696914
Carrier_LPS	FOSL2	102	0.026182089147811945
Carrier_LPS	GATA2	102	-0.21308088334913963
Carrier_LPS	GATA3	102	-0.21369055683511712
Carrier_LPS	JUN	102	-0.055100934832678486
Carrier_LPS	JUND	102	-0.06405636092670369
Carrier_LPS	MAX	102	-0.003813846362281533
Carrier_LPS	MEF2A	102	0.42486112992819386
Carrier_LPS	MYC	102	-0.19615905703834166
Carrier_LPS	NFIC	102	0.14702614821839857
Carrier_LPS	PBX3	102	-0.08617396016799889
Carrier_LPS	TCF12	102	-0.12078986587183305
Carrier_LPS	SPI1	102	0.21367023438558455
Carrier_LPS	SPIB	102	-0.0165424739195231
Carrier_LPS	ETV6	102	0.31099444519712766
Carrier_LPS	CEBPB	103	0.17742175856929948
Carrier_LPS	FOS	103	-0.03839588131689472
Carrier_LPS	FOSL2	103	0.04269746646795826
Carrier_LPS	GATA2	103	-0.22684595583254297
Carrier_LPS	GATA3	103	-0.2105947703563202
Carrier_LPS	JUN	103	-0.02035632028180463
Carrier_LPS	JUND	103	-0.04871968567944722
Carrier_LPS	MAX	103	0.0030144966806665754
Carrier_LPS	MEF2A	103	0.43830781736892005
Carrier_LPS	MYC	103	-0.2085015580544641
Carrier_LPS	NFIC	103	0.1669760195095515
Carrier_LPS	PBX3	103	-0.08053786749762903
Carrier_LPS	TCF12	103	-0.09864517003116106
Carrier_LPS	SPI1	103	0.22396016799891608
Carrier_LPS	SPIB	103	-0.0016596667118276651
Carrier_LPS	ETV6	103	0.3378336268798265
Carrier_LPS	CEBPB	104	0.16479474325972088
Carrier_LPS	FOS	104	-0.05349546131960438
Carrier_LPS	FOSL2	104	0.022490177482725915
Carrier_LPS	GATA2	104	-0.21186831052702879
Carrier_LPS	GATA3	104	-0.21438152011922498
Carrier_LPS	JUN	104	-0.03563202818046334
Carrier_LPS	JUND	104	-0.054267714401842554
Carrier_LPS	MAX	104	0.0014157973174366613
Carrier_LPS	MEF2A	104	0.434405907058664
Carrier_LPS	MYC	104	-0.18387752337081692
Carrier_LPS	NFIC	104	0.15172063406042535
Carrier_LPS	PBX3	104	-0.09098360655737703
Carrier_LPS	TCF12	104	-0.11186153637718461
Carrier_LPS	SPI1	104	0.20846091315539894
Carrier_LPS	SPIB	104	0.0007180598834846224
Carrier_LPS	ETV6	104	0.31896084541390046
Carrier_LPS	CEBPB	105	0.16769407939303613
Carrier_LPS	FOS	105	-0.06098089689743935
Carrier_LPS	FOSL2	105	0.023702750304836737
Carrier_LPS	GATA2	105	-0.21402926432732688
Carrier_LPS	GATA3	105	-0.21576344668744069
Carrier_LPS	JUN	105	-0.03535428803685137
Carrier_LPS	JUND	105	-0.055256740279094954
Carrier_LPS	MAX	105	0.008156076412410241
Carrier_LPS	MEF2A	105	0.4342907465113127
Carrier_LPS	MYC	105	-0.1833084947839046
Carrier_LPS	NFIC	105	0.15470125999187098
Carrier_LPS	PBX3	105	-0.09899065167321498
Carrier_LPS	TCF12	105	-0.11096734859775095
Carrier_LPS	SPI1	105	0.20873187914916672
Carrier_LPS	SPIB	105	0.002479338842975206
Carrier_LPS	ETV6	105	0.3200040644899064
Carrier_LPS	CEBPB	106	0.16753149979677545
Carrier_LPS	FOS	106	-0.054267714401842554
Carrier_LPS	FOSL2	106	0.027022083728492068
Carrier_LPS	GATA2	106	-0.21627150792575528
Carrier_LPS	GATA3	106	-0.2222056631892697
Carrier_LPS	JUN	106	-0.05177482725917896
Carrier_LPS	JUND	106	-0.05436255249966128
Carrier_LPS	MAX	106	-0.015214740550060963
Carrier_LPS	MEF2A	106	0.4340333288172333
Carrier_LPS	MYC	106	-0.20497900013548295
Carrier_LPS	NFIC	106	0.1406381249153231
Carrier_LPS	PBX3	106	-0.09416745698414847
Carrier_LPS	TCF12	106	-0.11965858284785254
Carrier_LPS	SPI1	106	0.21154992548435167
Carrier_LPS	SPIB	106	0.013189269746646793
Carrier_LPS	ETV6	106	0.32406178024657895
Carrier_LPS	CEBPB	107	0.14505487061373795
Carrier_LPS	FOS	107	-0.04511583796233572
Carrier_LPS	FOSL2	107	0.00014225714672808556
Carrier_LPS	GATA2	107	-0.20888091044573898
Carrier_LPS	GATA3	107	-0.1959558325430158
Carrier_LPS	JUN	107	-0.019645034548164204
Carrier_LPS	JUND	107	-0.07049180327868851
Carrier_LPS	MAX	107	0.002621595989703292
Carrier_LPS	MEF2A	107	0.4250575802736755
Carrier_LPS	MYC	107	-0.16682021406313502
Carrier_LPS	NFIC	107	0.13136431377862076
Carrier_LPS	PBX3	107	-0.10850833220430832
Carrier_LPS	TCF12	107	-0.10138192656821567
Carrier_LPS	SPI1	107	0.1913426364991193
Carrier_LPS	SPIB	107	-0.010093483267849881
Carrier_LPS	ETV6	107	0.302614821839859
Carrier_LPS	CEBPB	108	0.1649911936052025
Carrier_LPS	FOS	108	-0.05293320688253622
Carrier_LPS	FOSL2	108	0.021833084947839042
Carrier_LPS	GATA2	108	-0.2127624983064625
Carrier_LPS	GATA3	108	-0.21400894187779426
Carrier_LPS	JUN	108	-0.03387752337081695
Carrier_LPS	JUND	108	-0.05294675518222461
Carrier_LPS	MAX	108	0.0014157973174366613
Carrier_LPS	MEF2A	108	0.4340536512667659
Carrier_LPS	MYC	108	-0.18405365126676596
Carrier_LPS	NFIC	108	0.15154450616447634
Carrier_LPS	PBX3	108	-0.09135618479880772
Carrier_LPS	TCF12	108	-0.10900961929277873
Carrier_LPS	SPI1	108	0.20795285191708435
Carrier_LPS	SPIB	108	0.0008196721311475408
Carrier_LPS	ETV6	108	0.31997696789052965
Carrier_LPS	CEBPB	109	0.16005961251862888
Carrier_LPS	FOS	109	-0.05338030077225307
Carrier_LPS	FOSL2	109	0.021988890394255518
Carrier_LPS	GATA2	109	-0.20964638937813296
Carrier_LPS	GATA3	109	-0.21911665086031698
Carrier_LPS	JUN	109	-0.03700040644899064
Carrier_LPS	JUND	109	-0.05800027096599374
Carrier_LPS	MAX	109	0.001165153773201463
Carrier_LPS	MEF2A	109	0.4340536512667659
Carrier_LPS	MYC	109	-0.18325430158515102
Carrier_LPS	NFIC	109	0.155398997425823
Carrier_LPS	PBX3	109	-0.09036715892155534
Carrier_LPS	TCF12	109	-0.11205798672266627
Carrier_LPS	SPI1	109	0.2080273675653705
Carrier_LPS	SPIB	109	-0.001632570112450887
Carrier_LPS	ETV6	109	0.3192860046064218
Carrier_LPS	CEBPB	110	0.17330984961387338
Carrier_LPS	FOS	110	-0.0501016122476629
Carrier_LPS	FOSL2	110	0.030321094702614813
Carrier_LPS	GATA2	110	-0.19529196585828476
Carrier_LPS	GATA3	110	-0.21950277740143603
Carrier_LPS	JUN	110	-0.03677008535428803
Carrier_LPS	JUND	110	-0.03763040238450074
Carrier_LPS	MAX	110	0.012891207153502232
Carrier_LPS	MEF2A	110	0.42150115160547336
Carrier_LPS	MYC	110	-0.1830036580409158
Carrier_LPS	NFIC	110	0.15783769136973305
Carrier_LPS	PBX3	110	-0.08707492209727676
Carrier_LPS	TCF12	110	-0.11671182766562792
Carrier_LPS	SPI1	110	0.21442216501829012
Carrier_LPS	SPIB	110	0.0018357946077767237
Carrier_LPS	ETV6	110	0.311841213927652
Carrier_LPS	CEBPB	111	0.1716027638531364
Carrier_LPS	FOS	111	-0.048773878878200776
Carrier_LPS	FOSL2	111	0.03002303210947025
Carrier_LPS	GATA2	111	-0.20449126134670095
Carrier_LPS	GATA3	111	-0.2173215011516054
Carrier_LPS	JUN	111	-0.03463622815336675
Carrier_LPS	JUND	111	-0.050027096599376764
Carrier_LPS	MAX	111	-0.002384500745156482
Carrier_LPS	MEF2A	111	0.4287088470396964
Carrier_LPS	MYC	111	-0.18364720227611428
Carrier_LPS	NFIC	111	0.1592534886871697
Carrier_LPS	PBX3	111	-0.08756266088605878
Carrier_LPS	TCF12	111	-0.10850833220430832
Carrier_LPS	SPI1	111	0.2164882807207695
Carrier_LPS	SPIB	111	0.001646118412139276
Carrier_LPS	ETV6	111	0.3219143747459693
Carrier_LPS	CEBPB	112	0.16073025335320415
Carrier_LPS	FOS	112	-0.05287901368378267
Carrier_LPS	FOSL2	112	0.015289256198347105
Carrier_LPS	GATA2	112	-0.21211895407126402
Carrier_LPS	GATA3	112	-0.20772253082238173
Carrier_LPS	JUN	112	-0.02893239398455493
Carrier_LPS	JUND	112	-0.04701259991871019
Carrier_LPS	MAX	112	0.004504809646389377
Carrier_LPS	MEF2A	112	0.4309104457390596
Carrier_LPS	MYC	112	-0.1803956103509009
Carrier_LPS	NFIC	112	0.14666034412681203
Carrier_LPS	PBX3	112	-0.0950074515648286
Carrier_LPS	TCF12	112	-0.11856117057309304
Carrier_LPS	SPI1	112	0.20619834710743795
Carrier_LPS	SPIB	112	-0.00573093076818859
Carrier_LPS	ETV6	112	0.31190218127624975
Carrier_LPS	CEBPB	113	0.15810188321365665
Carrier_LPS	FOS	113	-0.04819807614144423
Carrier_LPS	FOSL2	113	0.02211759924129521
Carrier_LPS	GATA2	113	-0.2115837962335726
Carrier_LPS	GATA3	113	-0.20557512532177205
Carrier_LPS	JUN	113	-0.03850426771440183
Carrier_LPS	JUND	113	-0.05105676737569433
Carrier_LPS	MAX	113	-0.009653163527977236
Carrier_LPS	MEF2A	113	0.4265478932393984
Carrier_LPS	MYC	113	-0.179284649776453
Carrier_LPS	NFIC	113	0.14853678363365394
Carrier_LPS	PBX3	113	-0.08676331120444382
Carrier_LPS	TCF12	113	-0.10717382468500201
Carrier_LPS	SPI1	113	0.20085354288036847
Carrier_LPS	SPIB	113	0.0038748137108792838
Carrier_LPS	ETV6	113	0.3108996070993089
Carrier_LPS	CEBPB	114	0.16467958271236954
Carrier_LPS	FOS	114	-0.049803549654518345
Carrier_LPS	FOSL2	114	0.01422571467280856
Carrier_LPS	GATA2	114	-0.21476764666034406
Carrier_LPS	GATA3	114	-0.22005148353881582
Carrier_LPS	JUN	114	-0.03285462674434357
Carrier_LPS	JUND	114	-0.05529061102831593
Carrier_LPS	MAX	114	-0.0006028993361333151
Carrier_LPS	MEF2A	114	0.43764395068418904
Carrier_LPS	MYC	114	-0.18298333559138324
Carrier_LPS	NFIC	114	0.14580680124644355
Carrier_LPS	PBX3	114	-0.09728356591247796
Carrier_LPS	TCF12	114	-0.10146999051619018
Carrier_LPS	SPI1	114	0.20577157566725368
Carrier_LPS	SPIB	114	0.0031973987264598287
Carrier_LPS	ETV6	114	0.31835794607776713
Carrier_LPS	CEBPB	115	0.16495732285598155
Carrier_LPS	FOS	115	-0.057830917219888894
Carrier_LPS	FOSL2	115	0.025558867362146045
Carrier_LPS	GATA2	115	-0.20506706408345746
Carrier_LPS	GATA3	115	-0.20907058664137645
Carrier_LPS	JUN	115	-0.025159192521338563
Carrier_LPS	JUND	115	-0.04427584338165559
Carrier_LPS	MAX	115	0.00829155940929413
Carrier_LPS	MEF2A	115	0.42809239940387467
Carrier_LPS	MYC	115	-0.18585557512532172
Carrier_LPS	NFIC	115	0.14865194418100525
Carrier_LPS	PBX3	115	-0.0979677550467416
Carrier_LPS	TCF12	115	-0.1237162986045251
Carrier_LPS	SPI1	115	0.2101070315675382
Carrier_LPS	SPIB	115	-0.0030144966806665754
Carrier_LPS	ETV6	115	0.31265411190895537
Carrier_LPS	CEBPB	116	0.17139953935781055
Carrier_LPS	FOS	116	-0.05671995664544099
Carrier_LPS	FOSL2	116	0.027509822517274077
Carrier_LPS	GATA2	116	-0.20846768730524312
Carrier_LPS	GATA3	116	-0.22439371358894453
Carrier_LPS	JUN	116	-0.04156618344397777
Carrier_LPS	JUND	116	-0.05416610215417963
Carrier_LPS	MAX	116	0.009036715892155532
Carrier_LPS	MEF2A	116	0.43309849613873447
Carrier_LPS	MYC	116	-0.18214334101070312
Carrier_LPS	NFIC	116	0.1560493158108657
Carrier_LPS	PBX3	116	-0.08849749356455762
Carrier_LPS	TCF12	116	-0.1057038341688118
Carrier_LPS	SPI1	116	0.21188863297656135
Carrier_LPS	SPIB	116	-0.0026690150386126533
Carrier_LPS	ETV6	116	0.3220363094431648
Carrier_LPS	CEBPB	117	0.16936729440455217
Carrier_LPS	FOS	117	-0.05079257553177075
Carrier_LPS	FOSL2	117	0.027645305514157965
Carrier_LPS	GATA2	117	-0.21375829833355908
Carrier_LPS	GATA3	117	-0.2219414713453461
Carrier_LPS	JUN	117	-0.032658176398861934
Carrier_LPS	JUND	117	-0.054586099444519705
Carrier_LPS	MAX	117	0.003190624576615634
Carrier_LPS	MEF2A	117	0.4342704240617801
Carrier_LPS	MYC	117	-0.18391139412003787
Carrier_LPS	NFIC	117	0.15575125321772113
Carrier_LPS	PBX3	117	-0.0917626337894594
Carrier_LPS	TCF12	117	-0.1178905297385178
Carrier_LPS	SPI1	117	0.21421216637312013
Carrier_LPS	SPIB	117	-0.00018967619563744746
Carrier_LPS	ETV6	117	0.31873052431919785
Carrier_LPS	CEBPB	118	0.1473445332610757
Carrier_LPS	FOS	118	-0.0562051212572822
Carrier_LPS	FOSL2	118	0.006089960709930902
Carrier_LPS	GATA2	118	-0.19750711285733635
Carrier_LPS	GATA3	118	-0.20556835117192787
Carrier_LPS	JUN	118	-0.04794743259720904
Carrier_LPS	JUND	118	-0.07614821839859096
Carrier_LPS	MAX	118	-0.0161631215282482
Carrier_LPS	MEF2A	118	0.4211082509145101
Carrier_LPS	MYC	118	-0.16507925755317704
Carrier_LPS	NFIC	118	0.14769678905297381
Carrier_LPS	PBX3	118	-0.07740821026961113
Carrier_LPS	TCF12	118	-0.09669421487603304
Carrier_LPS	SPI1	118	0.198469042135212
Carrier_LPS	SPIB	118	-0.013135076547893233
Carrier_LPS	ETV6	118	0.304111908955426
Carrier_LPS	CEBPB	119	0.180503996748408
Carrier_LPS	FOS	119	-0.03263107979948515
Carrier_LPS	FOSL2	119	0.042358758975748534
Carrier_LPS	GATA2	119	-0.19601679989161355
Carrier_LPS	GATA3	119	-0.2148150657092534
Carrier_LPS	JUN	119	-0.016508603170302123
Carrier_LPS	JUND	119	-0.045590028451429336
Carrier_LPS	MAX	119	-0.009903807072212436
Carrier_LPS	MEF2A	119	0.44160005419319864
Carrier_LPS	MYC	119	-0.17655466738924258
Carrier_LPS	NFIC	119	0.16494377455629314
Carrier_LPS	PBX3	119	-0.07115566996341957
Carrier_LPS	TCF12	119	-0.12331662376371763
Carrier_LPS	SPI1	119	0.22921013412816682
Carrier_LPS	SPIB	119	0.0005487061373797588
Carrier_LPS	ETV6	119	0.3358691234250101
Carrier_LPS	CEBPB	120	0.16504538680395606
Carrier_LPS	FOS	120	-0.05401029670776316
Carrier_LPS	FOSL2	120	0.021988890394255518
Carrier_LPS	GATA2	120	-0.21130605608996064
Carrier_LPS	GATA3	120	-0.2137176534344939
Carrier_LPS	JUN	120	-0.03362010567673756
Carrier_LPS	JUND	120	-0.0528451429345617
Carrier_LPS	MAX	120	0.0026690150386126533
Carrier_LPS	MEF2A	120	0.43097141308765735
Carrier_LPS	MYC	120	-0.18327462403468361
Carrier_LPS	NFIC	120	0.15187643950684185
Carrier_LPS	PBX3	120	-0.09083457526080474
Carrier_LPS	TCF12	120	-0.10889445874542743
Carrier_LPS	SPI1	120	0.20973445332610752
Carrier_LPS	SPIB	120	-0.002296436797181953
Carrier_LPS	ETV6	120	0.32183308494783897
Carrier_LPS	CEBPB	121	0.15577834981709793
Carrier_LPS	FOS	121	-0.05255385449126134
Carrier_LPS	FOSL2	121	0.01422571467280856
Carrier_LPS	GATA2	121	-0.21109605744479062
Carrier_LPS	GATA3	121	-0.2060493158108657
Carrier_LPS	JUN	121	-0.043930361739601666
Carrier_LPS	JUND	121	-0.06769407939303616
Carrier_LPS	MAX	121	-0.0019374068554396419
Carrier_LPS	MEF2A	121	0.4264462809917355
Carrier_LPS	MYC	121	-0.173817910852188
Carrier_LPS	NFIC	121	0.14373391139412
Carrier_LPS	PBX3	121	-0.08136431377862076
Carrier_LPS	TCF12	121	-0.10302804498035492
Carrier_LPS	SPI1	121	0.20182902045793247
Carrier_LPS	SPIB	121	-0.01418506977374339
Carrier_LPS	ETV6	121	0.32503048367429876
